wavelength_nm,intensity
166.87181396484374,1.0428e-09
167.0088501,9.9838e-10
167.14589840000002,9.6652e-10
167.2829468,1.0443e-09
167.4199951,1.1157e-09
167.55704350000002,1.1446e-09
167.6940918,1.223e-09
167.8311401,1.279e-09
167.9682007,1.2392e-09
168.10524900000001,1.1904e-09
168.2423096,1.2492e-09
168.37937010000002,1.2656e-09
168.51641850000001,1.2114e-09
168.653479,1.1259e-09
168.7905518,1.1122e-09
168.92761230000002,1.1224e-09
169.0646729,1.1479e-09
169.2017456,1.166e-09
169.3388062,1.1142e-09
169.4758789,1.0718e-09
169.6129517,1.1006e-09
169.7500244,1.0883e-09
169.8870972,1.0768e-09
170.0241699,1.0882e-09
170.1612427,1.1374e-09
170.2983276,1.1297e-09
170.4354004,1.1235e-09
170.5724854,1.1113e-09
170.7095703,1.1076e-09
170.8466553,1.1183e-09
170.9837402,1.101e-09
171.12082519999998,1.1063e-09
171.2579102,1.1232e-09
171.39499510000002,1.1581e-09
171.5320923,1.0968e-09
171.66917719999998,9.5822e-10
171.8062744,8.7886e-10
171.9433716,9.8413e-10
172.0804688,1.0004e-09
172.2175659,9.8112e-10
172.35466309999998,9.6484e-10
172.4917603,1.0097e-09
172.6288574,1.0436e-09
172.7659668,1.0634e-09
172.903064,1.0682e-09
173.0401733,1.0718e-09
173.1772827,1.0912e-09
173.31439210000002,1.114e-09
173.4515015,1.131e-09
173.5886108,1.1233e-09
173.7257202,1.1119e-09
173.8628296,1.0727e-09
173.9999512,1.0662e-09
174.13706050000002,1.0555e-09
174.27418210000002,1.1132e-09
174.41130370000002,1.1491e-09
174.54842530000002,1.1299e-09
174.68554690000002,1.0753e-09
174.82266850000002,1.0839e-09
174.95979,1.0803e-09
175.0969116,1.0191e-09
175.23404539999999,1.0295e-09
175.37116699999999,1.0637e-09
175.5083008,1.117e-09
175.6454224,1.1361e-09
175.7825562,1.0992e-09
175.9196899,1.0728e-09
176.0568237,1.0473e-09
176.1939575,1.0677e-09
176.33110349999998,1.0511e-09
176.4682373,1.0412e-09
176.6053711,1.0383e-09
176.74251710000001,1.0072e-09
176.8796631,1.0224e-09
177.0167969,1.0619e-09
177.1539429,1.0619e-09
177.2910889,1.0697e-09
177.4282349,1.0812e-09
177.5653931,1.0672e-09
177.7025391,1.0628e-09
177.8396851,1.0604e-09
177.97684329999998,1.0504e-09
178.11398930000001,1.0272e-09
178.2511475,1.0267e-09
178.3883057,1.0248e-09
178.5254639,1.0204e-09
178.6626221,1.0311e-09
178.7997803,1.0118e-09
178.9369385,1.0032e-09
179.07409669999998,9.8058e-10
179.21126710000001,9.6375e-10
179.3484253,9.7628e-10
179.4855957,1.0054e-09
179.6227539,1.0095e-09
179.7599243,1.0018e-09
179.8970947,1.0091e-09
180.0342651,1.0202e-09
180.1714355,1.0094e-09
180.308606,9.9252e-10
180.4457764,9.5435e-10
180.58295900000002,9.7001e-10
180.7201294,9.4573e-10
180.857312,9.4123e-10
180.99448239999998,9.3808e-10
181.131665,9.5176e-10
181.26884769999998,9.7453e-10
181.4060303,1.0066e-09
181.54321290000001,9.9402e-10
181.6803955,9.9272e-10
181.8175781,9.8958e-10
181.9547729,9.5517e-10
182.0919556,9.8921e-10
182.2291504,9.9712e-10
182.366333,1.0069e-09
182.5035278,9.9671e-10
182.6407227,9.5836e-10
182.7779053,9.5573e-10
182.9151001,9.7897e-10
183.0522949,9.9124e-10
183.189502,1.0246e-09
183.32669679999998,1.0406e-09
183.4638916,1.0509e-09
183.6010986,1.0282e-09
183.7382935,1.0008e-09
183.8755005,9.7445e-10
184.0126953,9.5087e-10
184.1499023,9.418e-10
184.28710940000002,9.4262e-10
184.4243164,9.5422e-10
184.5615234,9.5249e-10
184.6987305,9.6338e-10
184.8359375,9.646e-10
184.9731567,9.4899e-10
185.11036380000002,9.2826e-10
185.2475708,9.2386e-10
185.38479,8.9481e-10
185.52200929999998,9.1604e-10
185.6592163,9.5505e-10
185.7964355,9.4468e-10
185.9336548,9.3172e-10
186.070874,9.0178e-10
186.2080933,9.0446e-10
186.3453125,9.3218e-10
186.4825439,9.673e-10
186.61976320000002,9.7883e-10
186.7569824,9.7072e-10
186.8942139,9.3207e-10
187.0314453,9.1323e-10
187.1686646,8.8767e-10
187.30589600000002,8.4231e-10
187.4431274,8.1931e-10
187.58035890000002,8.6339e-10
187.7175903,9.1845e-10
187.8548218,9.4915e-10
187.99205320000002,9.5546e-10
188.1292847,9.2702e-10
188.2665283,8.8893e-10
188.4037598,8.5114e-10
188.5410034,8.6614e-10
188.6782349,8.8144e-10
188.81547849999998,8.8191e-10
188.95272219999998,8.9932e-10
189.0899536,8.9528e-10
189.2271973,8.9478e-10
189.3644409,8.9269e-10
189.5016846,8.8144e-10
189.6389282,8.9414e-10
189.7761841,9.0653e-10
189.9134277,9.0344e-10
190.0506714,9.0411e-10
190.1879272,9.0872e-10
190.3251709,9.1102e-10
190.4624268,9.0823e-10
190.5996826,9.032e-10
190.7369263,8.7246e-10
190.8741821,8.7806e-10
191.011438,8.872e-10
191.1486938,8.9746e-10
191.2859497,8.7691e-10
191.42320560000002,8.49e-10
191.5604736,8.6278e-10
191.69772949999998,8.6e-10
191.8349854,8.4834e-10
191.9722534,8.3654e-10
192.10950929999998,8.1993e-10
192.24677730000002,7.6768e-10
192.3840454,7.7739e-10
192.5213013,8.1483e-10
192.6585693,8.2131e-10
192.7958374,8.3125e-10
192.9331055,8.2853e-10
193.07037350000002,8.4381e-10
193.20764160000002,8.6831e-10
193.3449097,8.9083e-10
193.4821899,8.7464e-10
193.619458,8.5207e-10
193.75672609999998,8.3429e-10
193.8940063,8.4081e-10
194.0312744,8.536e-10
194.16855470000002,8.6679e-10
194.305835,8.4305e-10
194.443103,8.2085e-10
194.5803833,8.2723e-10
194.71766359999998,8.4569e-10
194.8549438,8.4884e-10
194.9922241,8.2991e-10
195.1295044,8.1915e-10
195.2667847,7.9008e-10
195.4040771,7.6219e-10
195.54135739999998,7.8174e-10
195.6786377,7.8785e-10
195.8159302,7.8265e-10
195.9532104,7.7654e-10
196.0905029,7.8666e-10
196.2277832,8.0159e-10
196.3650757,7.7972e-10
196.5023682,7.7744e-10
196.6396606,7.8432e-10
196.7769531,7.9852e-10
196.91424560000002,8.1709e-10
197.0515381,8.2161e-10
197.18883060000002,8.1369e-10
197.326123,8.132e-10
197.4634155,8.1258e-10
197.600708,8.0497e-10
197.73801269999998,7.9875e-10
197.8753052,7.7936e-10
198.0126099,7.7671e-10
198.1499023,7.8598e-10
198.287207,7.8227e-10
198.4244995,7.7655e-10
198.5618042,7.7675e-10
198.6991089,7.7588e-10
198.8364136,7.7927e-10
198.9737183,7.6363e-10
199.1110229,7.4948e-10
199.24832759999998,7.4319e-10
199.3856323,7.487e-10
199.522937,7.4969e-10
199.6602417,7.5631e-10
199.79754640000002,7.6525e-10
199.93486330000002,7.5701e-10
200.072168,7.5598e-10
200.2094849,7.5793e-10
200.34678960000002,7.6603e-10
200.4841064,7.6567e-10
200.6214111,7.5822e-10
200.758728,7.6085e-10
200.8960449,7.3769e-10
201.0333618,7.0864e-10
201.17066649999998,7.2973e-10
201.30798339999998,7.3379e-10
201.4453003,7.3586e-10
201.58261720000002,7.4162e-10
201.7199341,7.3525e-10
201.8572632,7.4357e-10
201.9945801,7.4924e-10
202.131897,7.5245e-10
202.2692139,7.4173e-10
202.406543,7.2446e-10
202.5438599,7.025e-10
202.681189,6.9289e-10
202.8185059,7.1048e-10
202.955835,7.2969e-10
203.0931519,7.3302e-10
203.230481,7.3539e-10
203.36781009999999,7.3664e-10
203.505127,7.238e-10
203.6424561,7.1599e-10
203.7797852,7.1277e-10
203.9171143,7.0896e-10
204.0544434,7.0511e-10
204.1917725,7.1515e-10
204.3291016,7.1577e-10
204.4664307,7.0512e-10
204.603772,6.98e-10
204.74110109999998,7.0175e-10
204.87844239999998,7.0277e-10
205.01577149999997,6.9782e-10
205.15310060000002,6.8853e-10
205.2904297,6.7964e-10
205.4277588,6.7862e-10
205.5651123,6.7854e-10
205.7024414,6.68e-10
205.8397705,6.6684e-10
205.977124,6.653e-10
206.1144531,6.6001e-10
206.25178219999998,6.3988e-10
206.3891357,6.5699e-10
206.52646479999999,6.558e-10
206.6638184,6.5543e-10
206.80114749999998,6.3437e-10
206.938501,6.4208e-10
207.0758301,6.5843e-10
207.2131836,6.7089e-10
207.3505127,6.7735e-10
207.4878662,6.756e-10
207.62521969999997,6.6999e-10
207.76254880000002,6.627e-10
207.89990229999998,6.4121e-10
208.0372559,6.422e-10
208.17458499999998,6.5322e-10
208.3119385,6.5575e-10
208.449292,6.4618e-10
208.58664549999997,6.462e-10
208.723999,6.4634e-10
208.86132809999998,6.4009e-10
208.9986816,6.2801e-10
209.1360352,6.2231e-10
209.2733887,6.2048e-10
209.41074220000002,6.3532e-10
209.54809570000003,6.4185e-10
209.6854492,6.3062e-10
209.8228027,6.1057e-10
209.96015619999997,6.1853e-10
210.09750979999998,6.2636e-10
210.2348633,6.193e-10
210.3722168,6.0181e-10
210.5095703,6.1112e-10
210.64692380000002,6.22e-10
210.78427729999999,6.1522e-10
210.9216309,6.2013e-10
211.0589844,6.2887e-10
211.19633789999997,6.3198e-10
211.3337158,6.2877e-10
211.4710693,6.2238e-10
211.6084229,6.1506e-10
211.7457764,6.1496e-10
211.8831299,6.2027e-10
212.0205078,6.1288e-10
212.1578613,6.084e-10
212.2952148,6.1105e-10
212.4325928,5.9996e-10
212.5699463,5.9454e-10
212.70729980000002,5.9819e-10
212.8446777,5.9481e-10
212.9820312,6.0839e-10
213.1194092,6.1199e-10
213.2567627,6.0469e-10
213.3941162,5.9566e-10
213.5314941,5.8306e-10
213.66884770000001,5.8516e-10
213.8062256,5.9734e-10
213.9435791,6.033e-10
214.08095699999998,6.0283e-10
214.2183105,6.0496e-10
214.35568849999999,5.9702e-10
214.4930664,5.8812e-10
214.63041990000002,5.8166e-10
214.7677979,5.7146e-10
214.90515140000002,5.6263e-10
215.04252929999998,5.6232e-10
215.17990719999997,5.7451e-10
215.3172607,5.8554e-10
215.45463869999998,5.9121e-10
215.5920166,5.9418e-10
215.7293701,5.9339e-10
215.866748,5.862e-10
216.00412599999999,5.754e-10
216.1415039,5.6842e-10
216.27885740000002,5.519e-10
216.4162354,5.3122e-10
216.5536133,5.3462e-10
216.6909912,5.4825e-10
216.8283691,5.6562e-10
216.9657471,5.793e-10
217.1031006,5.7854e-10
217.24047850000002,5.7978e-10
217.3778564,5.7373e-10
217.5152344,5.6968e-10
217.65261230000002,5.7455e-10
217.7899902,5.6964e-10
217.9273682,5.6989e-10
218.0647461,5.6941e-10
218.202124,5.6468e-10
218.33950199999998,5.668e-10
218.4768799,5.5781e-10
218.6142578,5.4051e-10
218.7516357,5.2346e-10
218.8890137,5.4088e-10
219.02639159999998,5.541e-10
219.1637695,5.6295e-10
219.30114749999998,5.6539e-10
219.43852539999997,5.6563e-10
219.5759033,5.6573e-10
219.71328119999998,5.6699e-10
219.85065920000002,5.6389e-10
219.9880371,5.6231e-10
220.12541500000003,5.5935e-10
220.26279300000002,5.5956e-10
220.4001953,5.5787e-10
220.5375732,5.5824e-10
220.67495119999998,5.587e-10
220.8123291,5.569e-10
220.949707,5.5401e-10
221.08708499999997,5.5104e-10
221.22448730000002,5.4355e-10
221.3618652,5.2757e-10
221.4992432,5.1442e-10
221.6366211,5.1011e-10
221.773999,5.3355e-10
221.91140140000002,5.4261e-10
222.04877929999998,5.4677e-10
222.18615719999997,5.4997e-10
222.3235352,5.5012e-10
222.4609375,5.4793e-10
222.5983154,5.4933e-10
222.7356934,5.4813e-10
222.87309570000002,5.4605e-10
223.01047359999998,5.4624e-10
223.14785160000002,5.4433e-10
223.2852295,5.4573e-10
223.4226318,5.462e-10
223.5600098,5.4388e-10
223.69738769999998,5.4351e-10
223.83479000000003,5.4112e-10
223.972168,5.4103e-10
224.1095459,5.4165e-10
224.2469482,5.4117e-10
224.38432619999998,5.3764e-10
224.52172850000002,5.3588e-10
224.6591064,5.3797e-10
224.7964844,5.3075e-10
224.9338867,5.1978e-10
225.0712646,5.1543e-10
225.20866700000002,4.9674e-10
225.3460449,4.7767e-10
225.4834229,5.0106e-10
225.62082519999998,5.2389e-10
225.7582031,5.2832e-10
225.89560550000002,5.3097e-10
226.0329834,5.2721e-10
226.1703857,5.2948e-10
226.30776369999998,5.2903e-10
226.4451416,5.3271e-10
226.58254390000002,5.3425e-10
226.7199219,5.3046e-10
226.8573242,5.3282e-10
226.99470209999998,5.274e-10
227.13210450000003,5.1151e-10
227.26948240000002,5.1512e-10
227.4068848,5.1983e-10
227.5442627,5.2921e-10
227.681665,5.29e-10
227.81904300000002,5.2891e-10
227.95644529999998,5.279e-10
228.0938232,5.2782e-10
228.23122560000002,5.3024e-10
228.3686035,5.2457e-10
228.5060059,5.1907e-10
228.64338379999998,5.167e-10
228.78078609999997,5.061e-10
228.9181641,5.1516e-10
229.0555664,5.171e-10
229.1929443,5.1919e-10
229.3303467,5.1794e-10
229.46772460000003,5.058e-10
229.60512699999998,4.7544e-10
229.7425049,4.2162e-10
229.8799072,4.6395e-10
230.0172852,4.9607e-10
230.1546875,5.1072e-10
230.2920654,5.1322e-10
230.42946780000003,5.0646e-10
230.56684570000002,4.8162e-10
230.704248,4.5825e-10
230.841626,4.8232e-10
230.97902829999998,5.0157e-10
231.11640619999997,5.1465e-10
231.2538086,5.1535e-10
231.3911865,5.1695e-10
231.52858890000002,5.1444e-10
231.66596679999998,5.085e-10
231.8033691,5.0537e-10
231.9407471,5.1055e-10
232.07814939999997,5.1337e-10
232.2155273,5.1404e-10
232.3529297,5.1462e-10
232.490332,5.1379e-10
232.62770999999998,5.1166e-10
232.7651123,5.0668e-10
232.90249020000002,5.0824e-10
233.03989259999997,5.0699e-10
233.1772705,5.1112e-10
233.3146729,5.1004e-10
233.4520508,5.0577e-10
233.5894531,5.0469e-10
233.72683109999997,5.0742e-10
233.86423340000002,5.1024e-10
234.0016113,5.0905e-10
234.1389893,5.0684e-10
234.27639159999998,4.8753e-10
234.4137695,4.5159e-10
234.5511719,4.8538e-10
234.6885498,5.0365e-10
234.8259521,5.0646e-10
234.96333009999998,5.0588e-10
235.10073240000003,5.0602e-10
235.2381104,5.0488e-10
235.3755127,5.0762e-10
235.5128906,5.0734e-10
235.650293,5.0605e-10
235.78767090000002,5.065e-10
235.9250488,5.0555e-10
236.0624512,5.033e-10
236.1998291,5.0086e-10
236.3372314,5.0013e-10
236.47460940000002,4.9698e-10
236.6119873,4.9553e-10
236.7493896,4.9339e-10
236.88676759999998,4.9476e-10
237.0241699,4.9554e-10
237.16154790000002,4.9489e-10
237.2989258,4.8101e-10
237.4363281,4.5706e-10
237.57370609999998,4.7954e-10
237.7111084,4.882e-10
237.84848630000002,4.8709e-10
237.9858643,4.8313e-10
238.1232666,4.6525e-10
238.26064449999998,4.1939e-10
238.39802249999997,4.3855e-10
238.53542480000002,4.3188e-10
238.6728027,4.2647e-10
238.8101807,4.4858e-10
238.9475586,4.6427e-10
239.0849609,4.7124e-10
239.2223389,4.7783e-10
239.35971679999997,4.8097e-10
239.4970947,4.8299e-10
239.6344971,4.8219e-10
239.771875,4.7725e-10
239.9092529,4.6572e-10
240.0466309,4.6816e-10
240.18403320000002,4.7696e-10
240.32141109999998,4.8052e-10
240.45878910000002,4.7743e-10
240.596167,4.7714e-10
240.73354490000003,4.78e-10
240.87094729999998,4.7916e-10
241.0083252,4.7815e-10
241.1457031,4.7503e-10
241.28308109999998,4.7083e-10
241.420459,4.6678e-10
241.55783689999998,4.7076e-10
241.69521479999997,4.7551e-10
241.83261720000002,4.7832e-10
241.9699951,4.7804e-10
242.107373,4.775e-10
242.244751,4.7495e-10
242.3821289,4.7305e-10
242.5195068,4.7298e-10
242.6568848,4.7334e-10
242.7942627,4.7501e-10
242.93164059999998,4.7546e-10
243.0690186,4.7552e-10
243.20639649999998,4.7323e-10
243.34377439999997,4.7202e-10
243.4811523,4.7067e-10
243.61853030000003,4.689e-10
243.75590820000002,4.6979e-10
243.89328609999998,4.6975e-10
244.03066410000002,4.6853e-10
244.168042,4.714e-10
244.30539549999997,4.7062e-10
244.4427734,4.663e-10
244.58015140000003,4.6387e-10
244.71752929999997,4.6784e-10
244.85490719999999,4.6564e-10
244.99228520000003,4.6561e-10
245.12966310000002,4.6247e-10
245.26701659999998,4.6603e-10
245.4043945,4.5917e-10
245.54177249999998,4.5156e-10
245.67915039999997,4.5538e-10
245.8165039,4.5996e-10
245.9538818,4.6108e-10
246.0912598,4.5815e-10
246.2286133,4.556e-10
246.3659912,4.5933e-10
246.50336910000001,4.6288e-10
246.64072270000003,4.6186e-10
246.77810060000002,4.5969e-10
246.9154785,4.608e-10
247.052832,4.5832e-10
247.19020999999998,4.593e-10
247.32758789999997,4.5488e-10
247.4649414,4.5565e-10
247.6023193,4.5825e-10
247.73967290000002,4.5384e-10
247.8770508,4.5145e-10
248.01440429999997,4.5171e-10
248.15178219999999,4.4759e-10
248.2891357,4.4844e-10
248.4265137,4.4978e-10
248.5638672,4.5016e-10
248.70122070000002,4.5202e-10
248.83859859999998,4.5242e-10
248.9759521,4.4935e-10
249.11333009999998,4.5012e-10
249.2506836,4.505e-10
249.38803710000002,4.4836e-10
249.525415,4.4658e-10
249.6627686,4.4199e-10
249.8001221,4.4633e-10
249.93747560000003,4.4786e-10
250.07485350000002,4.4538e-10
250.21220699999998,4.4632e-10
250.3495605,4.4733e-10
250.4869141,4.4449e-10
250.6242676,4.4175e-10
250.7616211,4.3968e-10
250.898999,4.3083e-10
251.03635250000002,4.1427e-10
251.17370609999998,3.856e-10
251.3110596,3.977e-10
251.4484131,4.1737e-10
251.5857666,4.2792e-10
251.72312010000002,4.2008e-10
251.86047359999998,4.0899e-10
251.9978271,4.2538e-10
252.1351807,4.3266e-10
252.27253420000002,4.3463e-10
252.40988769999998,4.3041e-10
252.54721679999997,4.2727e-10
252.6845703,4.3088e-10
252.8219238,4.3439e-10
252.9592773,4.2952e-10
253.09663089999998,4.2455e-10
253.2339844,4.2964e-10
253.37131349999999,4.32e-10
253.508667,4.3035e-10
253.6460205,4.3057e-10
253.7833496,4.3036e-10
253.9207031,4.2822e-10
254.05805660000001,4.2789e-10
254.1953857,4.2358e-10
254.33273930000001,4.2131e-10
254.47009280000003,4.2709e-10
254.60742190000002,4.2536e-10
254.74477539999998,4.2474e-10
254.88210450000003,4.2433e-10
255.019458,4.2418e-10
255.15678710000003,4.2467e-10
255.2941406,4.2361e-10
255.43146969999998,4.2335e-10
255.56879880000002,4.219e-10
255.70615229999999,4.206e-10
255.84348140000003,4.1602e-10
255.98081050000002,4.162e-10
256.1181641,4.1768e-10
256.2554932,4.1566e-10
256.3928223,4.146e-10
256.5301514,4.1893e-10
256.6675049,4.1653e-10
256.80483399999997,4.1607e-10
256.9421631,4.1505e-10
257.0794922,4.1338e-10
257.2168213,4.1401e-10
257.3541504,4.1486e-10
257.4914795,4.1179e-10
257.6288086,3.9848e-10
257.7661377,4.0026e-10
257.9034668,4.0843e-10
258.04079590000003,4.1188e-10
258.178125,4.1217e-10
258.3154541,4.0866e-10
258.4527832,4.0234e-10
258.5901123,3.7285e-10
258.7274414,3.7438e-10
258.8647461,3.9565e-10
259.0020752,3.9708e-10
259.13940429999997,3.9531e-10
259.2767334,3.9665e-10
259.4140381,3.845e-10
259.5513672,3.8907e-10
259.6886963,3.9152e-10
259.826001,3.8689e-10
259.9633301,3.5292e-10
260.10063479999997,3.6842e-10
260.2379639,3.8902e-10
260.37526859999997,3.9589e-10
260.5125977,3.9433e-10
260.6499023,3.8653e-10
260.7872314,3.9341e-10
260.92453609999995,3.9393e-10
261.06184079999997,3.9313e-10
261.1991699,3.9337e-10
261.33647460000003,3.9435e-10
261.4737793,3.9097e-10
261.611084,3.9027e-10
261.74838869999996,3.9356e-10
261.8857178,3.9417e-10
262.02302249999997,3.9294e-10
262.1603271,3.9089e-10
262.2976318,3.886e-10
262.4349365,3.8897e-10
262.5722412,3.8946e-10
262.7095459,3.9061e-10
262.84685060000004,3.8902e-10
262.9841553,3.8903e-10
263.12145999999996,3.8881e-10
263.2587646,3.8953e-10
263.3960449,3.8668e-10
263.5333496,3.8122e-10
263.67065429999997,3.8342e-10
263.807959,3.8485e-10
263.9452393,3.7846e-10
264.0825439,3.8075e-10
264.2198486,3.8351e-10
264.3571289,3.8185e-10
264.4944336,3.8218e-10
264.6317383,3.8387e-10
264.7690186,3.8298e-10
264.9063232,3.8295e-10
265.0436035,3.8175e-10
265.1808838,3.8067e-10
265.3181885,3.8005e-10
265.4554688,3.8002e-10
265.592749,3.7919e-10
265.7300537,3.7973e-10
265.86733399999997,3.7831e-10
266.0046143,3.7645e-10
266.1418945,3.7315e-10
266.2791748,3.7155e-10
266.41647950000004,3.7127e-10
266.55375979999997,3.6898e-10
266.69104000000004,3.692e-10
266.8283203,3.713e-10
266.9656006,3.7204e-10
267.1028809,3.7147e-10
267.24016109999997,3.7311e-10
267.37741700000004,3.7058e-10
267.51469729999997,3.6519e-10
267.65197750000004,3.6381e-10
267.7892578,3.5959e-10
267.9265381,3.5304e-10
268.0637939,3.6212e-10
268.2010742,3.6649e-10
268.33835450000004,3.672e-10
268.4756104,3.6705e-10
268.6128906,3.652e-10
268.75014649999997,3.6185e-10
268.8874268,3.6243e-10
269.0246826,3.6548e-10
269.1619629,3.6482e-10
269.2992188,3.6452e-10
269.4364746,3.6096e-10
269.5737549,3.5755e-10
269.7110107,3.5657e-10
269.8482666,3.5853e-10
269.9855225,3.599e-10
270.1227783,3.6072e-10
270.2600342,3.6145e-10
270.3973145,3.5956e-10
270.5345703,3.598e-10
270.6718262,3.6048e-10
270.809082,3.5953e-10
270.9463135,3.5903e-10
271.0835693,3.5758e-10
271.2208252,3.5899e-10
271.3580811,3.5718e-10
271.4953369,3.5776e-10
271.63256839999997,3.574e-10
271.7698242,3.58e-10
271.9070801,3.5557e-10
272.0443115,3.5446e-10
272.1815674,3.5179e-10
272.3187988,3.4717e-10
272.4560547,3.4417e-10
272.5932861,3.4291e-10
272.730542,3.4651e-10
272.8677734,3.4932e-10
273.0050293,3.4863e-10
273.1422607,3.4065e-10
273.2794922,3.2148e-10
273.41672359999995,3.071e-10
273.5539551,3.2239e-10
273.6912109,3.3695e-10
273.8284424,3.4438e-10
273.9656738,3.4466e-10
274.10290530000003,3.4615e-10
274.2401367,3.4788e-10
274.3773682,3.4782e-10
274.51457519999997,3.466e-10
274.6518066,3.4586e-10
274.7890381,3.4465e-10
274.9262695,3.4338e-10
275.063501,3.4342e-10
275.20070799999996,3.4376e-10
275.3379395,3.4472e-10
275.4751465,3.4356e-10
275.6123779,3.4265e-10
275.74958499999997,3.4127e-10
275.8868164,3.3889e-10
276.0240234,3.4086e-10
276.1612549,3.3925e-10
276.2984619,3.3765e-10
276.4356689,3.3261e-10
276.5729004,3.3371e-10
276.7101074,3.384e-10
276.8473145,3.3729e-10
276.98452149999997,3.3781e-10
277.1217285,3.3769e-10
277.2589355,3.3783e-10
277.39614259999996,3.3784e-10
277.5333496,3.3625e-10
277.6705566,3.348e-10
277.8077637,3.3202e-10
277.94494629999997,3.3203e-10
278.08215329999996,3.3248e-10
278.2193604,3.3251e-10
278.3565674,3.3094e-10
278.49375,3.298e-10
278.63095699999997,3.2831e-10
278.7681396,3.2769e-10
278.9053467,3.2539e-10
279.04252929999996,3.2343e-10
279.1797363,3.1837e-10
279.3169189,3.1623e-10
279.4541016,3.0067e-10
279.5912842,2.6918e-10
279.7284912,2.8215e-10
279.8656738,3.0124e-10
280.00285640000004,3.0916e-10
280.1400391,3.094e-10
280.27722170000004,2.8141e-10
280.4144043,2.793e-10
280.55158689999996,3.1282e-10
280.6887695,3.1946e-10
280.8259277,3.1963e-10
280.9631104,3.1655e-10
281.100293,3.1836e-10
281.23747560000004,3.213e-10
281.37463379999997,3.2024e-10
281.5118164,3.192e-10
281.64897460000003,3.2091e-10
281.7861572,3.2001e-10
281.9233154,3.2017e-10
282.060498,3.1966e-10
282.1976562,3.188e-10
282.3348145,3.1785e-10
282.4719971,3.1884e-10
282.6091553,3.1858e-10
282.7463135,3.1676e-10
282.88347170000003,3.1214e-10
283.0206299,3.0824e-10
283.1577881,3.1292e-10
283.2949463,3.1252e-10
283.43210450000004,3.1396e-10
283.56926269999997,3.1452e-10
283.7063965,3.1029e-10
283.8435547,3.1261e-10
283.98071289999996,3.148e-10
284.1178711,3.1454e-10
284.2550049,3.1222e-10
284.3921631,3.1222e-10
284.5292969,3.1228e-10
284.6664551,3.1105e-10
284.8035889,3.1061e-10
284.94072270000004,3.0909e-10
285.07788089999997,3.0323e-10
285.2150146,2.827e-10
285.3521484,2.8186e-10
285.4892822,3.0068e-10
285.626416,3.0635e-10
285.7635498,3.0641e-10
285.9006836,3.0595e-10
286.0378174,3.0628e-10
286.1749512,3.0596e-10
286.31208499999997,3.0308e-10
286.4491943,3.0201e-10
286.5863281,3.0306e-10
286.72346189999996,3.023e-10
286.8605713,3.0413e-10
286.99770509999996,3.0359e-10
287.1348145,3.0327e-10
287.2719482,3.029e-10
287.4090576,3.0221e-10
287.5461914,3.0263e-10
287.6833008,3.0107e-10
287.8204102,3.0102e-10
287.9575195,3.0199e-10
288.0946289,3.0027e-10
288.2317383,2.9896e-10
288.3688477,2.9715e-10
288.50595699999997,2.9747e-10
288.6430664,2.9744e-10
288.7801758,2.983e-10
288.91728520000004,2.9805e-10
289.0543945,2.9803e-10
289.1914795,2.9649e-10
289.3285889,2.9553e-10
289.4656738,2.9438e-10
289.60278320000003,2.9408e-10
289.7398682,2.9004e-10
289.8769775,2.9141e-10
290.0140625,2.9121e-10
290.1511475,2.9246e-10
290.2882324,2.9281e-10
290.42534179999996,2.908e-10
290.5624268,2.8796e-10
290.6995117,2.8862e-10
290.83659670000003,2.9132e-10
290.9736816,2.9068e-10
291.1107666,2.9019e-10
291.2478271,2.898e-10
291.3849121,2.8907e-10
291.5219971,2.8983e-10
291.659082,2.8965e-10
291.7961426,2.8862e-10
291.93322750000004,2.8823e-10
292.0702881,2.875e-10
292.2073486,2.8734e-10
292.3444336,2.8764e-10
292.4814941,2.8594e-10
292.6185547,2.8445e-10
292.7556396,2.8375e-10
292.8927002,2.841e-10
293.0297607,2.8451e-10
293.1668213,2.8675e-10
293.3038818,2.8572e-10
293.4409424,2.844e-10
293.57797850000003,2.8276e-10
293.7150391,2.8109e-10
293.85209960000003,2.8181e-10
293.9891357,2.8208e-10
294.1261963,2.8222e-10
294.2632568,2.7986e-10
294.40029300000003,2.7793e-10
294.53732909999997,2.6874e-10
294.6743896,2.717e-10
294.8114258,2.7572e-10
294.9484619,2.7925e-10
295.08549800000003,2.7828e-10
295.22253420000004,2.7876e-10
295.3595947,2.7879e-10
295.4966064,2.7761e-10
295.6336426,2.7565e-10
295.7706787,2.7653e-10
295.9077148,2.7453e-10
296.044751,2.7083e-10
296.1817627,2.7301e-10
296.3187988,2.7517e-10
296.455835,2.7574e-10
296.5928467,2.7509e-10
296.7298584,2.7497e-10
296.8668945,2.7392e-10
297.00390619999996,2.7387e-10
297.140918,2.7431e-10
297.2779297,2.7299e-10
297.4149658,2.7204e-10
297.5519775,2.7228e-10
297.6889893,2.7084e-10
297.8259766,2.7029e-10
297.9629883,2.7024e-10
298.1,2.6862e-10
298.2370117,2.6195e-10
298.373999,2.5406e-10
298.5110107,2.5593e-10
298.64802249999997,2.6487e-10
298.7850098,2.6657e-10
298.9219971,2.6473e-10
299.0590088,2.6272e-10
299.1959961,2.6567e-10
299.3329834,2.669e-10
299.46997070000003,2.6707e-10
299.60695799999996,2.642e-10
299.7439453,2.6324e-10
299.8809326,2.6412e-10
300.01791990000004,2.6418e-10
300.15490719999997,2.6341e-10
300.2918945,2.6135e-10
300.4288574,2.6018e-10
300.56584469999996,2.5983e-10
300.702832,2.6049e-10
300.8397949,2.6028e-10
300.9767578,2.6083e-10
301.1137451,2.6187e-10
301.250708,2.62e-10
301.3876709,2.5848e-10
301.5246338,2.585e-10
301.6615967,2.586e-10
301.7985596,2.5673e-10
301.9355225,2.5641e-10
302.0724854,2.5847e-10
302.2094482,2.5715e-10
302.34641109999995,2.5047e-10
302.4833496,2.4523e-10
302.6203125,2.4836e-10
302.75727539999997,2.4995e-10
302.8942139,2.5139e-10
303.0311523,2.5222e-10
303.1681152,2.5374e-10
303.30505370000003,2.5344e-10
303.4419922,2.4901e-10
303.5789307,2.4603e-10
303.7158691,2.483e-10
303.8528076,2.5031e-10
303.9897461,2.5174e-10
304.1266846,2.5201e-10
304.263623,2.5058e-10
304.4005371,2.466e-10
304.5374756,2.4783e-10
304.67441410000004,2.4311e-10
304.81132809999997,2.3801e-10
304.9482666,2.462e-10
305.0851807,2.5063e-10
305.22209469999996,2.519e-10
305.35900879999997,2.5171e-10
305.4959473,2.5e-10
305.6328613,2.4916e-10
305.76977539999996,2.4726e-10
305.90666500000003,2.4555e-10
306.0435791,2.4374e-10
306.1804932,2.4774e-10
306.3174072,2.4867e-10
306.45429690000003,2.4725e-10
306.5501221,2.452e-10
306.824707,2.4579e-10
307.099292,2.4544e-10
307.373877,2.4419e-10
307.6484619,2.4439e-10
307.9230713,2.4424e-10
308.1976562,2.4298e-10
308.4722412,2.419e-10
308.7468506,2.4138e-10
309.0214355,2.3981e-10
309.2960449,2.3777e-10
309.5706543,2.3294e-10
309.8452637,2.3462e-10
310.11984859999995,2.3752e-10
310.394458,2.3753e-10
310.6690918,2.3773e-10
310.94370119999996,2.3777e-10
311.21831050000003,2.3456e-10
311.4929199,2.2857e-10
311.7675537,2.2854e-10
312.04216310000004,2.3073e-10
312.3167969,2.3162e-10
312.5914307,2.3146e-10
312.86604,2.3203e-10
313.1406738,2.2725e-10
313.4153076,2.2723e-10
313.6899414,2.2843e-10
313.9645752,2.2849e-10
314.23920899999996,2.2846e-10
314.5138672,2.2859e-10
314.788501,2.2454e-10
315.06315920000003,2.2459e-10
315.33779300000003,2.2705e-10
315.6124512,2.2659e-10
315.88708499999996,2.2492e-10
316.1617432,2.2428e-10
316.4364014,2.2023e-10
316.7110596,2.2018e-10
316.98571780000003,2.2224e-10
317.260376,2.2178e-10
317.53503420000004,2.2263e-10
317.8096924,2.2119e-10
318.084375,2.1975e-10
318.3590332,2.1919e-10
318.6337158,2.1408e-10
318.908374,2.1501e-10
319.1830566,2.1658e-10
319.4577393,2.1543e-10
319.7323975,2.1301e-10
320.0070801,2.0704e-10
320.2817627,1.973e-10
320.5564453,2.0751e-10
320.8311279,2.1133e-10
321.10583499999996,2.113e-10
321.38051759999996,2.1054e-10
321.65520019999997,2.1025e-10
321.9299072,2.0948e-10
322.2045898,2.097e-10
322.4792969,2.0819e-10
322.7539795,2.0887e-10
323.0286865,2.0578e-10
323.3033936,2.0436e-10
323.5781006,2.0756e-10
323.8528076,2.0658e-10
324.1275146,2.0586e-10
324.40222170000004,2.0572e-10
324.6769287,2.0587e-10
324.9516357,2.0434e-10
325.2263672,2.0458e-10
325.5010742,2.0411e-10
325.7757812,2.0258e-10
326.0505127,1.9995e-10
326.3252441,1.9912e-10
326.59995119999996,1.9581e-10
326.8746826,1.992e-10
327.1494141,2.0082e-10
327.4241455,2.0168e-10
327.698877,2.0075e-10
327.9736084,1.9955e-10
328.2483398,1.9724e-10
328.52307129999997,1.9656e-10
328.79780270000003,1.9766e-10
329.0725586,1.9642e-10
329.34729000000004,1.9661e-10
329.62202149999996,1.948e-10
329.8967773,1.929e-10
330.17150879999997,1.9188e-10
330.4462646,1.9332e-10
330.7210205,1.9168e-10
330.9957764,1.9134e-10
331.2705078,1.9011e-10
331.54526369999996,1.9083e-10
331.8200195,1.898e-10
332.0947754,1.9117e-10
332.3695557,1.8928e-10
332.6443115,1.8845e-10
332.9190674,1.8629e-10
333.1938232,1.8664e-10
333.46860350000003,1.8445e-10
333.74335940000003,1.8504e-10
334.0181396,1.7977e-10
334.2928955,1.8067e-10
334.5676758,1.8317e-10
334.8424561,1.8415e-10
335.1172119,1.8283e-10
335.3919922,1.8058e-10
335.6667725,1.8113e-10
335.9415527,1.8096e-10
336.21633299999996,1.8167e-10
336.4911133,1.8032e-10
336.76589359999997,1.8035e-10
337.04067380000004,1.8149e-10
337.31547850000004,1.8098e-10
337.5902588,1.8099e-10
337.8650391,1.7952e-10
338.1398438,1.7988e-10
338.414624,1.7911e-10
338.6894287,1.7913e-10
338.9642334,1.7779e-10
339.2390137,1.7801e-10
339.5138184,1.7775e-10
339.78862300000003,1.7783e-10
340.06342770000003,1.7752e-10
340.33823240000004,1.765e-10
340.61303710000004,1.7458e-10
340.8878418,1.749e-10
341.1626465,1.7539e-10
341.4374512,1.7421e-10
341.7122559,1.7368e-10
341.9870605,1.7375e-10
342.2618896,1.7404e-10
342.5366943,1.7401e-10
342.811499,1.7271e-10
343.0863281,1.7231e-10
343.3611328,1.7209e-10
343.6359619,1.7128e-10
343.910791,1.6994e-10
344.1855957,1.6954e-10
344.4604248,1.6785e-10
344.7352539,1.6777e-10
345.010083,1.6836e-10
345.28491210000004,1.6798e-10
345.5597412,1.6638e-10
345.8345703,1.6732e-10
346.1093994,1.6785e-10
346.3842285,1.6752e-10
346.6590576,1.6666e-10
346.9339111,1.658e-10
347.2087402,1.6637e-10
347.4835693,1.6453e-10
347.7584229,1.6469e-10
348.033252,1.6337e-10
348.3081055,1.6315e-10
348.5829346,1.6254e-10
348.8577881,1.6208e-10
349.1326172,1.6193e-10
349.40747070000003,1.6231e-10
349.6823242,1.6137e-10
349.9571777,1.6042e-10
350.2320068,1.5927e-10
350.5068604,1.5955e-10
350.7817139,1.5885e-10
351.0565674,1.582e-10
351.3314209,1.5773e-10
351.60627439999996,1.5879e-10
351.8811523,1.5899e-10
352.15600589999997,1.5935e-10
352.43085940000003,1.587e-10
352.7057129,1.5697e-10
352.98059079999996,1.5586e-10
353.2554443,1.5572e-10
353.5302979,1.5603e-10
353.80517580000003,1.5643e-10
354.0800293,1.5575e-10
354.35490719999996,1.5518e-10
354.6297852,1.5541e-10
354.90463869999996,1.5446e-10
355.1795166,1.5313e-10
355.4543945,1.5156e-10
355.729248,1.5196e-10
356.004126,1.5185e-10
356.2790039,1.5157e-10
356.5538818,1.5208e-10
356.8287598,1.5116e-10
357.1036377,1.5075e-10
357.3785156,1.5028e-10
357.65339359999996,1.5033e-10
357.9282715,1.4951e-10
358.2031494,1.4922e-10
358.4780518,1.4811e-10
358.7529297,1.45e-10
359.0278076,1.4655e-10
359.3026855,1.4828e-10
359.57758789999997,1.4778e-10
359.8524658,1.4797e-10
360.1273682,1.4753e-10
360.4022461,1.4727e-10
360.67714839999996,1.4652e-10
360.9520264,1.4542e-10
361.22692870000003,1.4478e-10
361.5018066,1.4408e-10
361.776709,1.4556e-10
362.0516113,1.4569e-10
362.32651369999996,1.4431e-10
362.6013916,1.4451e-10
362.8762939,1.4375e-10
363.1511963,1.4177e-10
363.4260986,1.3728e-10
363.701001,1.392e-10
363.97590329999997,1.4169e-10
364.2508057,1.4256e-10
364.525708,1.4051e-10
364.8006104,1.4121e-10
365.0755127,1.4034e-10
365.350415,1.4035e-10
365.6253174,1.4019e-10
365.9002441,1.4039e-10
366.1751465,1.3976e-10
366.4500488,1.3884e-10
366.72495119999996,1.3882e-10
366.9998779,1.3946e-10
367.27478030000003,1.3922e-10
367.549707,1.3919e-10
367.8246094,1.3862e-10
368.09953609999997,1.3798e-10
368.3744385,1.3769e-10
368.64936520000003,1.3683e-10
368.9242676,1.3601e-10
369.1991943,1.3568e-10
369.4740967,1.3432e-10
369.7490234,1.3422e-10
370.0239502,1.3318e-10
370.2988525,1.2943e-10
370.57377929999996,1.2599e-10
370.84870609999996,1.2976e-10
371.1236328,1.3054e-10
371.3985596,1.2927e-10
371.6734619,1.3204e-10
371.9483887,1.3244e-10
372.2233154,1.2999e-10
372.4982422,1.309e-10
372.77316890000003,1.3227e-10
373.04809570000003,1.3272e-10
373.3230225,1.2905e-10
373.5979492,1.2785e-10
373.872876,1.332e-10
374.1478271,1.3552e-10
374.4227539,1.3602e-10
374.6976807,1.2998e-10
374.9726074,1.2235e-10
375.2475342,1.2365e-10
375.5224609,1.2691e-10
375.79741210000003,1.2953e-10
376.07233890000003,1.3052e-10
376.3472656,1.3262e-10
376.6222168,1.2946e-10
376.8971436,1.2134e-10
377.1720703,1.175e-10
377.4470215,1.2293e-10
377.7219482,1.3207e-10
377.99689939999996,1.3725e-10
378.27182619999996,1.385e-10
378.5467773,1.3855e-10
378.8217041,1.3707e-10
379.0966553,1.3308e-10
379.371582,1.2615e-10
379.6465332,1.1576e-10
379.92145999999997,1.1205e-10
380.1964111,1.2144e-10
380.4713623,1.2899e-10
380.7462891,1.3325e-10
381.0212402,1.3498e-10
381.2961914,1.3562e-10
381.5711182,1.3365e-10
381.8460693,1.2714e-10
382.1210205,1.2462e-10
382.3959717,1.3235e-10
382.6708984,1.3243e-10
382.94584960000003,1.2754e-10
383.2208008,1.1826e-10
383.495752,1.0663e-10
383.7707031,1.0875e-10
384.04565429999997,1.2021e-10
384.3206055,1.2808e-10
384.5955322,1.3119e-10
384.8704834,1.3291e-10
385.1454346,1.3374e-10
385.4203857,1.3388e-10
385.6953369,1.3301e-10
385.9702881,1.3252e-10
386.2452393,1.3238e-10
386.5201904,1.3138e-10
386.79514159999997,1.3001e-10
387.0700928,1.3041e-10
387.3450439,1.3016e-10
387.6199951,1.2933e-10
387.89497070000004,1.2836e-10
388.1699219,1.2442e-10
388.44487300000003,1.1803e-10
388.7198242,1.0607e-10
388.9947754,9.9882e-11
389.2697266,1.0797e-10
389.5446777,1.1783e-10
389.8196289,1.2383e-10
390.0946045,1.2673e-10
390.3695557,1.2784e-10
390.6445068,1.2794e-10
390.91945799999996,1.2804e-10
391.1944092,1.2788e-10
391.4693848,1.2719e-10
391.7443359,1.2681e-10
392.01928710000004,1.2477e-10
392.2942383,1.2262e-10
392.5692139,1.2238e-10
392.84416500000003,1.2318e-10
393.1191162,1.2374e-10
393.3940674,1.2176e-10
393.669043,1.2325e-10
393.9439941,1.248e-10
394.2189453,1.2497e-10
394.49392090000003,1.2457e-10
394.7688721,1.2391e-10
395.0438232,1.2334e-10
395.3187988,1.226e-10
395.59375,1.2205e-10
395.8687012,1.2048e-10
396.1436768,1.1643e-10
396.4186279,1.1027e-10
396.69357909999997,1.0142e-10
396.9685547,9.0417e-11
397.2435059,9.3608e-11
397.518457,1.0537e-10
397.7934326,1.1365e-10
398.0683838,1.1651e-10
398.3433594,1.1837e-10
398.6183105,1.1921e-10
398.8932617,1.196e-10
399.1682373,1.1886e-10
399.4431885,1.1952e-10
399.7181396,1.1884e-10
399.99311520000003,1.1843e-10
400.2680664,1.1833e-10
400.543042,1.1712e-10
400.8179932,1.1542e-10
401.0929443,1.1492e-10
401.3679199,1.1677e-10
401.6428711,1.1687e-10
401.91784670000004,1.1611e-10
402.1927979,1.1337e-10
402.467749,1.0634e-10
402.74272460000003,1.0229e-10
403.0176758,1.0925e-10
403.292627,1.1312e-10
403.5676025,1.1423e-10
403.8425537,1.1428e-10
404.1175293,1.1441e-10
404.39248050000003,1.1396e-10
404.6674316,1.1414e-10
404.9424072,1.1419e-10
405.2173584,1.1391e-10
405.4923096,1.1329e-10
405.7672852,1.1228e-10
406.0422363,1.1178e-10
406.3171875,1.1173e-10
406.5921631,1.1094e-10
406.8671143,1.0651e-10
407.1420654,1.0596e-10
407.41704100000004,1.0794e-10
407.6919922,1.0875e-10
407.9669434,1.0927e-10
408.24191890000003,1.0942e-10
408.5168701,1.0851e-10
408.7918213,1.0537e-10
409.0667969,1.0306e-10
409.341748,1.037e-10
409.6166992,9.7711e-11
409.8916504,8.885e-11
410.16660160000004,8.1684e-11
410.4415527,8.4191e-11
410.7165527,9.5393e-11
410.99150390000005,1.0149e-10
411.2664551,1.0366e-10
411.5414062,1.0344e-10
411.8163574,1.0257e-10
412.09130859999993,1.0225e-10
412.36625979999997,1.0466e-10
412.6412109,1.0671e-10
412.9161621,1.069e-10
413.1911133,1.0691e-10
413.4660645,1.0646e-10
413.74101559999997,1.0603e-10
414.0160156,1.0537e-10
414.29096680000004,1.025e-10
414.56591799999995,1.0161e-10
414.84086909999996,1.0378e-10
415.1158203,1.0454e-10
415.3907715,1.0315e-10
415.66572269999995,1.0351e-10
415.94067379999996,1.0405e-10
416.215625,1.0333e-10
416.4905762,1.0329e-10
416.76552730000003,1.0336e-10
417.04047849999995,1.0343e-10
417.3154297,1.0332e-10
417.5903809,1.034e-10
417.865332,1.0277e-10
418.1402344,1.0229e-10
418.4151855,1.0183e-10
418.69013670000004,9.9789e-11
418.96508789999996,1.0048e-10
419.2400391,1.0064e-10
419.5149902,9.9626e-11
419.78994140000003,9.699e-11
420.0648926,9.5367e-11
420.33984380000004,9.693e-11
420.6147949,9.8997e-11
420.88969729999997,9.9749e-11
421.1646484,9.9422e-11
421.4395996,9.917e-11
421.7145508,9.9117e-11
421.989502,9.9062e-11
422.26445309999997,9.8823e-11
422.53935549999994,9.8972e-11
422.81430659999995,9.9352e-11
423.0892578,9.8566e-11
423.364209,9.8624e-11
423.63911129999997,9.8488e-11
423.9140625,9.8194e-11
424.18901370000003,9.7925e-11
424.46396480000004,9.7671e-11
424.7388672,9.7137e-11
425.01381840000005,9.7086e-11
425.28876950000006,9.6429e-11
425.56367190000003,9.5801e-11
425.838623,9.5865e-11
426.1135742,9.6542e-11
426.3884766,9.6248e-11
426.6634277,9.5697e-11
426.93837890000003,9.5275e-11
427.2132812,9.5146e-11
427.4882324,9.4668e-11
427.7631348,9.3627e-11
428.0380859,9.3716e-11
428.31303710000003,9.3573e-11
428.5879395,9.3008e-11
428.8628906,9.2924e-11
429.137793,9.2618e-11
429.41274409999994,9.2761e-11
429.6876465,9.2963e-11
429.96259769999995,9.3032e-11
430.2375,9.2619e-11
430.5124023,9.2072e-11
430.7873535,9.2101e-11
431.0622559,9.1965e-11
431.33720700000003,9.123e-11
431.6121094,9.0789e-11
431.8870117,9.0247e-11
432.1619629,9.0131e-11
432.4368652,8.9951e-11
432.7117676,8.8591e-11
432.9867188,8.7715e-11
433.26162109999996,8.6199e-11
433.53652339999996,8.2388e-11
433.8114746,7.4705e-11
434.08637699999997,6.718e-11
434.36127930000004,7.067e-11
434.6361816,7.8568e-11
434.9111328,8.2818e-11
435.1860352,8.5435e-11
435.4609375,8.7045e-11
435.7358398,8.8128e-11
436.0107422,8.8243e-11
436.28564450000005,8.8063e-11
436.5605469,8.7685e-11
436.8354492,8.6488e-11
437.1104004,8.6559e-11
437.3853027,8.7138e-11
437.6602051,8.6835e-11
437.9351074,8.5973e-11
438.21000979999997,8.6089e-11
438.48491210000003,8.5476e-11
438.7598145,8.2341e-11
439.0347168,8.1752e-11
439.3095703,8.4702e-11
439.5844727,8.5645e-11
439.859375,8.5994e-11
440.1342773,8.6105e-11
440.4091797,8.6071e-11
440.68408200000005,8.5735e-11
440.9589844,8.5578e-11
441.23383789999997,8.4764e-11
441.50874020000003,8.4625e-11
441.7836426,8.4613e-11
442.0585449,8.4765e-11
442.33339839999996,8.4212e-11
442.60830079999994,8.3814e-11
442.8832031,8.3677e-11
443.15805659999995,8.3111e-11
443.43295900000004,8.3303e-11
443.7078613,8.2921e-11
443.98271480000005,8.2855e-11
444.2576172,8.3274e-11
444.5324707,8.3055e-11
444.807373,8.2931e-11
445.0822266,8.2021e-11
445.3571289,8.2659e-11
445.6319824,8.2319e-11
445.9068848,8.197e-11
446.18173829999995,8.2009e-11
446.4566406,8.1341e-11
446.73149409999996,7.924e-11
447.0063477,7.5182e-11
447.28125,7.139e-11
447.55610349999995,7.6507e-11
447.830957,7.9341e-11
448.1058594,7.9808e-11
448.3807129,7.9844e-11
448.65556640000005,8.0453e-11
448.9304199,8.0528e-11
449.2052734,8.0094e-11
449.4801758,8.0084e-11
449.75502930000005,8.0332e-11
450.0298828,8.0197e-11
450.30473629999995,7.9868e-11
450.5795898,7.9848e-11
450.85444340000004,7.9389e-11
451.1292969,7.8504e-11
451.4041504,7.8074e-11
451.67900390000005,7.7256e-11
451.9538574,7.8101e-11
452.2287109,7.8688e-11
452.5035645,7.7363e-11
452.778418,7.7881e-11
453.05327150000005,7.7223e-11
453.32807620000005,7.6846e-11
453.6029297,7.6419e-11
453.87778319999995,7.5314e-11
454.1526367,7.2852e-11
454.4274414,7.2653e-11
454.7022949,7.4415e-11
454.9771484,7.5188e-11
455.2519531,7.551e-11
455.5268066,7.554e-11
455.80166019999996,7.6276e-11
456.07646480000005,7.6395e-11
456.3513184,7.6351e-11
456.626123,7.6356e-11
456.90097660000004,7.6067e-11
457.17578119999996,7.5872e-11
457.4506348,7.5781e-11
457.7254395,7.5897e-11
458.0002441,7.5799e-11
458.27509769999995,7.5555e-11
458.54990230000004,7.5491e-11
458.82470700000005,7.4739e-11
459.0995605,7.4375e-11
459.3743652,7.4029e-11
459.6491699,7.4176e-11
459.9239746,7.3801e-11
460.1987793,7.3916e-11
460.4736328,7.4067e-11
460.7484375,7.3755e-11
461.0232422,7.3235e-11
461.29804690000003,7.3505e-11
461.57285160000004,7.386e-11
461.84765619999996,7.3563e-11
462.12246089999996,7.3164e-11
462.39726559999997,7.3449e-11
462.6720215,7.3275e-11
462.94682620000003,7.2544e-11
463.22163090000004,7.1723e-11
463.4964355,7.1598e-11
463.7712402,7.1434e-11
464.0460449,7.075e-11
464.3208008,7.0305e-11
464.5956055,6.8594e-11
464.8704102,6.6578e-11
465.14516599999996,6.5397e-11
465.41997069999996,6.7288e-11
465.6947266,6.9575e-11
465.9695312,7.0172e-11
466.2442871,7.0105e-11
466.5190918,7.0315e-11
466.79384769999996,7.0282e-11
467.06865230000005,7.0371e-11
467.3434082,7.0117e-11
467.6181641,6.9378e-11
467.8929688,6.9192e-11
468.16772460000004,6.7882e-11
468.4424805,6.4923e-11
468.71723629999997,6.276e-11
468.992041,6.541e-11
469.26679690000003,6.8321e-11
469.5415527,6.8982e-11
469.81630859999996,6.8904e-11
470.0910645,6.889e-11
470.3658203,6.8627e-11
470.64057620000005,6.8259e-11
470.91533200000003,6.78e-11
471.1900879,6.725e-11
471.46484380000004,6.5888e-11
471.7395996,6.7378e-11
472.01430659999994,6.7824e-11
472.2890625,6.8085e-11
472.56381840000006,6.7684e-11
472.83857420000004,6.735e-11
473.11328119999996,6.7751e-11
473.3880371,6.762e-11
473.66279299999997,6.7655e-11
473.9375,6.7234e-11
474.21225590000006,6.7078e-11
474.4869629,6.702e-11
474.76171880000004,6.7124e-11
475.03642579999996,6.6863e-11
475.31118159999994,6.6768e-11
475.58588870000005,6.6622e-11
475.8605957,6.6395e-11
476.13535160000004,6.6019e-11
476.41005859999996,6.5798e-11
476.6847656,6.5424e-11
476.9594727,6.5665e-11
477.2341797,6.5549e-11
477.50888670000006,6.512e-11
477.7836426,6.5353e-11
478.05834960000004,6.5045e-11
478.33305659999996,6.5094e-11
478.6077637,6.4901e-11
478.8824219,6.4593e-11
479.15712890000003,6.4556e-11
479.4318359,6.4346e-11
479.70654299999995,6.451e-11
479.98125,6.4374e-11
480.255957,6.3855e-11
480.5306152,6.3866e-11
480.8053223,6.3728e-11
481.0799805,6.3557e-11
481.3546875,6.3496e-11
481.62939450000005,6.3203e-11
481.9040527,6.2801e-11
482.17875979999997,6.2829e-11
482.45341799999994,6.2965e-11
482.72807620000003,6.306e-11
483.00278319999995,6.2775e-11
483.27744140000004,6.2572e-11
483.5520996,6.238e-11
483.82680659999994,6.2132e-11
484.10146480000003,6.2142e-11
484.376123,6.1867e-11
484.6507812,6.1316e-11
484.9254395,6.0448e-11
485.20009769999996,5.9529e-11
485.47475590000005,5.7584e-11
485.7494141,5.3527e-11
486.0240723,4.7985e-11
486.2987305,4.6532e-11
486.5733887,5.0381e-11
486.8480469,5.4725e-11
487.1226562,5.7581e-11
487.3973145,5.8678e-11
487.67197269999997,5.9222e-11
487.94658200000003,5.9224e-11
488.2212402,5.9839e-11
488.49584960000004,5.9853e-11
488.7705078,5.9711e-11
489.0451172,5.9769e-11
489.31977539999997,5.9841e-11
489.5943848,5.9974e-11
489.869043,5.9654e-11
490.14365230000004,5.9574e-11
490.4182617,5.9499e-11
490.69287109999993,5.9323e-11
490.96748049999997,5.9235e-11
491.24213870000005,5.9165e-11
491.516748,5.9156e-11
491.79135740000004,5.8163e-11
492.0659668,5.5783e-11
492.34057620000004,5.4717e-11
492.61513670000005,5.665e-11
492.88974609999997,5.78e-11
493.16435549999994,5.8449e-11
493.4389648,5.833e-11
493.71357420000004,5.823e-11
493.9881348,5.8377e-11
494.26274409999996,5.8312e-11
494.5373535,5.8144e-11
494.8119141,5.8029e-11
495.0865234,5.8097e-11
495.361084,5.7772e-11
495.6356445,5.7787e-11
495.91025390000004,5.7907e-11
496.1848145,5.762e-11
496.459375,5.7352e-11
496.7339844,5.7549e-11
497.0085449,5.7257e-11
497.2831055,5.7342e-11
497.557666,5.7048e-11
497.8322266,5.7028e-11
498.1067871,5.7014e-11
498.3813477,5.6959e-11
498.6559082,5.6926e-11
498.9304688,5.6705e-11
499.20502930000004,5.6565e-11
499.479541,5.6465e-11
499.7541016,5.652e-11
500.0286621,5.628e-11
500.30317379999997,5.5982e-11
500.5777344,5.5772e-11
500.8522949,5.5769e-11
501.12680659999995,5.541e-11
501.40131840000004,5.4383e-11
501.67587890000004,5.3723e-11
501.9503906,5.4561e-11
502.22490230000005,5.5411e-11
502.49946289999997,5.5354e-11
502.77397460000003,5.4835e-11
503.0484863,5.5093e-11
503.322998,5.4726e-11
503.5975098,5.4871e-11
503.8720215,5.4916e-11
504.14653319999996,5.4574e-11
504.4210449,5.4393e-11
504.6955566,5.3944e-11
504.97006840000006,5.3743e-11
505.2445312,5.4073e-11
505.51904299999995,5.4098e-11
505.7935547,5.3978e-11
506.06801759999996,5.3856e-11
506.3425293,5.3709e-11
506.6169922,5.3914e-11
506.89150390000003,5.3873e-11
507.16596680000004,5.3728e-11
507.4404785,5.3589e-11
507.71494140000004,5.353e-11
507.98940430000005,5.3347e-11
508.2638672,5.3244e-11
508.53837890000005,5.3053e-11
508.8128418,5.3186e-11
509.0873047,5.3031e-11
509.3617676,5.2779e-11
509.63623049999995,5.2588e-11
509.91064450000005,5.2445e-11
510.1851074,5.2437e-11
510.4595703,5.236e-11
510.7340332,5.2358e-11
511.00849609999995,5.2222e-11
511.28291019999995,5.2216e-11
511.557373,5.197e-11
511.83178710000004,5.1814e-11
512.10625,5.1942e-11
512.3806641,5.1799e-11
512.6550781,5.1726e-11
512.929541,5.1445e-11
513.2039551,5.1263e-11
513.4783691,5.1287e-11
513.7527832,5.1229e-11
514.0271973,5.1045e-11
514.3016113,5.1003e-11
514.5760253999999,5.0918e-11
514.8504395,5.0942e-11
515.1248535,5.0799e-11
515.3992676,5.0687e-11
515.6736816,5.0598e-11
515.9480957,5.0428e-11
516.2224609,5.0145e-11
516.496875,5.0173e-11
516.7712402,5.0317e-11
517.0456543,5.0099e-11
517.3200195000001,5.0154e-11
517.5944336,4.9927e-11
517.8687987999999,4.996e-11
518.1431641,4.9712e-11
518.4175781,4.9736e-11
518.6919434,4.9706e-11
518.9663085999999,4.9472e-11
519.2406738,4.9395e-11
519.5150391,4.9295e-11
519.7894043,4.929e-11
520.0637695,4.9341e-11
520.3380859,4.9208e-11
520.6124512,4.907e-11
520.8868164,4.8948e-11
521.1611816,4.9043e-11
521.435498,4.8996e-11
521.7098632999999,4.8707e-11
521.9841797,4.8664e-11
522.2585449000001,4.8622e-11
522.5328612999999,4.8668e-11
522.8071777,4.8541e-11
523.0814941,4.8435e-11
523.3558594,4.8228e-11
523.6301758,4.8216e-11
523.9044922,4.8076e-11
524.1788085999999,4.8141e-11
524.453125,4.7904e-11
524.7274414000001,4.7624e-11
525.0017578,4.7555e-11
525.2760254,4.7459e-11
525.5503418000001,4.7359e-11
525.8246581999999,4.7532e-11
526.0989258,4.7446e-11
526.3732422,4.7264e-11
526.6475098,4.7147e-11
526.9218262,4.7024e-11
527.1960938,4.6847e-11
527.4703612999999,4.7019e-11
527.7446777,4.6857e-11
528.0189453,4.6931e-11
528.2932129,4.6697e-11
528.5674805,4.6708e-11
528.841748,4.6674e-11
529.1160156,4.6601e-11
529.3902832,4.6471e-11
529.6645507999999,4.6374e-11
529.9387695,4.641e-11
530.2130371000001,4.608e-11
530.4873047,4.5894e-11
530.7615234,4.5828e-11
531.035791,4.5848e-11
531.3100098,4.5881e-11
531.5842285,4.5539e-11
531.8584960999999,4.5779e-11
532.1327148,4.5692e-11
532.4069336,4.54e-11
532.6811523,4.5264e-11
532.9553711,4.5221e-11
533.2295898,4.5322e-11
533.5038086,4.516e-11
533.7780273000001,4.5161e-11
534.0522460999999,4.5072e-11
534.3264648,4.4813e-11
534.6006348,4.4838e-11
534.8748535,4.4871e-11
535.1490723,4.486e-11
535.4232422,4.4695e-11
535.6974609,4.4353e-11
535.9716309,4.4492e-11
536.2458008,4.4477e-11
536.5200195,4.4473e-11
536.7941895,4.4507e-11
537.0683594,4.4231e-11
537.3425293,4.4068e-11
537.6166992000001,4.411e-11
537.8908690999999,4.407e-11
538.1650391000001,4.3844e-11
538.4391602,4.3751e-11
538.7133301,4.3574e-11
538.9875,4.3613e-11
539.2616211,4.3675e-11
539.535791,4.3452e-11
539.8099121,4.3208e-11
540.0840820000001,4.2981e-11
540.3582031,4.2676e-11
540.6323242000001,4.2194e-11
540.9064453,4.1021e-11
541.1806152,3.9673e-11
541.4547362999999,4.0458e-11
541.7288574,4.1307e-11
542.0029784999999,4.2226e-11
542.2770508,4.2536e-11
542.5511719,4.2647e-11
542.825293,4.2614e-11
543.0994141,4.2507e-11
543.3734863,4.2394e-11
543.6476074,4.2185e-11
543.9216797,4.216e-11
544.1958007999999,4.1979e-11
544.469873,4.2006e-11
544.7439453,4.1947e-11
545.4372070000001,4.1414e-11
545.9243164000001,4.1412e-11
546.411377,4.1608e-11
546.8984863,4.1272e-11
547.3856445,4.1008e-11
547.8727539,4.1218e-11
548.3598632999999,4.1004e-11
548.8470215,4.0691e-11
549.3341309,4.0711e-11
549.8212891000001,4.0629e-11
550.3084473,4.0352e-11
550.7955565999999,4.0366e-11
551.2827637,4.0159e-11
551.7699219,4.021e-11
552.2570800999999,4.0214e-11
552.7442383,4.0152e-11
553.2314453,3.9856e-11
553.7186035,3.9582e-11
554.2058105,3.9375e-11
554.6930176,3.9398e-11
555.1802246,3.952e-11
555.6674316,3.9282e-11
556.1546387000001,3.8971e-11
556.6418457,3.8717e-11
557.1290527,3.8887e-11
557.6163085999999,3.8707e-11
558.1035156,3.8687e-11
558.5907715000001,3.8367e-11
559.0780273,3.7924e-11
559.5652832,3.7708e-11
560.0525391,3.8035e-11
560.5397949000001,3.803e-11
561.0270508,3.7909e-11
561.5143065999999,3.7786e-11
562.0016112999999,3.755e-11
562.4888672,3.7767e-11
562.9761719,3.7687e-11
563.4634277,3.719e-11
563.9507324,3.696e-11
564.4380371,3.7022e-11
564.9253418000001,3.7025e-11
565.4126465,3.6738e-11
565.9,3.6746e-11
566.3873047,3.6609e-11
566.8746582,3.6585e-11
567.3619629,3.6355e-11
567.8493164,3.6273e-11
568.3366699000001,3.6236e-11
568.8239746,3.6021e-11
569.3113281,3.6016e-11
569.7986816,3.5903e-11
570.2860840000001,3.5866e-11
570.7734375,3.5802e-11
571.2607909999999,3.5571e-11
571.7481934,3.5534e-11
572.2355469,3.5335e-11
572.7229492,3.5278e-11
573.2103516,3.5098e-11
573.6977539000001,3.4983e-11
574.1851561999999,3.4985e-11
574.6725586,3.4916e-11
575.1599609,3.4812e-11
575.6474121,3.4757e-11
576.1348145,3.4534e-11
576.6222168,3.4488e-11
577.1096679999999,3.4241e-11
577.5971191,3.418e-11
578.0845703,3.4162e-11
578.5719727,3.3937e-11
579.0594238,3.3835e-11
579.5469238,3.3778e-11
580.034375,3.3368e-11
580.5218262000001,3.3348e-11
581.0092773,3.311e-11
581.4967773000001,3.3246e-11
581.9842773,3.3365e-11
582.4717284999999,3.3231e-11
582.9592285,3.3195e-11
583.4467285,3.2821e-11
583.9342285,3.2967e-11
584.4217285,3.2766e-11
584.9092284999999,3.2687e-11
585.3967285,3.2353e-11
585.8842773,3.1949e-11
586.3717773000001,3.2085e-11
586.8593262,3.1759e-11
587.3468262,3.0862e-11
587.834375,3.0695e-11
588.3219237999999,3.1287e-11
588.8094727,3.0961e-11
589.2970215,3.0637e-11
589.7845703,3.0914e-11
590.2721190999999,3.1441e-11
590.7597168,3.1547e-11
591.2472656,3.1624e-11
591.7348632999999,3.1492e-11
592.2224121,3.1436e-11
592.7100098,3.1121e-11
593.1976074,3.1096e-11
593.6851561999999,3.1152e-11
594.1727539000001,3.1172e-11
594.6603516,3.0652e-11
595.147998,3.0857e-11
595.6355957,3.0816e-11
596.1231934,3.0665e-11
596.6108398,3.0634e-11
597.0984375,3.0534e-11
597.586084,3.0429e-11
598.0736816,3.0306e-11
598.5613281,3.0228e-11
599.0489746000001,3.0176e-11
599.5366210999999,2.9982e-11
600.0242676,3.0035e-11
600.5119141,2.9823e-11
600.9995605,2.9709e-11
601.4872559,2.9658e-11
601.9749023,2.967e-11
602.4625487999999,2.9539e-11
602.9502441,2.9583e-11
603.4379395,2.9392e-11
603.9255859,2.9194e-11
604.4132812,2.9548e-11
604.9009766,2.9247e-11
605.3886719,2.9023e-11
605.8763672,2.8851e-11
606.3640625,2.8815e-11
606.8518065999999,2.878e-11
607.339502,2.8706e-11
607.8271973,2.8609e-11
608.3149414000001,2.8698e-11
608.8026367,2.837e-11
609.2903809000001,2.83e-11
609.778125,2.8194e-11
610.2658690999999,2.8212e-11
610.7536133,2.8191e-11
611.2413574,2.7904e-11
611.7291016,2.7829e-11
612.2168457,2.784e-11
612.7045898,2.7704e-11
613.1923828,2.7667e-11
613.680127,2.78e-11
614.1678711,2.7699e-11
614.6556641,2.7579e-11
615.143457,2.7438e-11
615.63125,2.7362e-11
616.1189941,2.7287e-11
616.6067871,2.7157e-11
617.0945801,2.6961e-11
617.582373,2.7076e-11
618.0702148,2.6948e-11
618.5580078,2.6711e-11
619.0458007999999,2.6865e-11
619.5335938000001,2.6756e-11
620.0214355,2.6805e-11
620.5092773,2.667e-11
620.9970703,2.6508e-11
621.4849121,2.6524e-11
621.9727539,2.6343e-11
622.4605957,2.627e-11
622.9483887,2.6235e-11
623.4362793,2.6273e-11
623.9241211,2.6199e-11
624.4119628999999,2.5901e-11
624.8998047,2.5914e-11
625.3876465000001,2.5909e-11
625.8755371,2.5953e-11
626.3633789,2.5723e-11
626.8512695000001,2.5533e-11
627.3391601999999,2.5677e-11
627.827002,2.5481e-11
628.3148926,2.5265e-11
628.8027832,2.5172e-11
629.2906737999999,2.5347e-11
629.7785645,2.5421e-11
630.2664551,2.5363e-11
630.7543456999999,2.5031e-11
631.2422363,2.4945e-11
631.7301758,2.477e-11
632.2180664,2.4543e-11
632.7060059,2.4466e-11
633.1938965,2.4359e-11
633.6818359,2.4306e-11
634.1697266,2.4525e-11
634.657666,2.4568e-11
635.1456055,2.4511e-11
635.6335449000001,2.4576e-11
636.1214844,2.4408e-11
636.6094238,2.4266e-11
637.0973633,2.4174e-11
637.5853027,2.4158e-11
638.0732422,2.4064e-11
638.5612305,2.4101e-11
639.0491699,2.4085e-11
639.5371582,2.3885e-11
640.0250977,2.4023e-11
640.5130859,2.3729e-11
641.0010254,2.3445e-11
641.4890137,2.3438e-11
641.977002,2.3537e-11
642.4649902,2.3575e-11
642.9529785,2.3422e-11
643.4409668000001,2.3394e-11
643.9289550999999,2.3372e-11
644.4169434,2.3197e-11
644.9049315999999,2.287e-11
645.3929688000001,2.3083e-11
645.8809570000001,2.3013e-11
646.3689453,2.2898e-11
646.8569824,2.2927e-11
647.3449707,2.2889e-11
647.8330078,2.2747e-11
648.3210449000001,2.266e-11
648.8090331999999,2.2685e-11
649.2970703,2.2611e-11
649.7851074,2.2595e-11
650.2731445000001,2.2501e-11
650.7611816,2.2361e-11
651.2492188,2.2315e-11
651.7372559,2.2199e-11
652.2253418,2.191e-11
652.7133789000001,2.1787e-11
653.201416,2.1941e-11
653.689502,2.1974e-11
654.1775391,2.1771e-11
654.665625,2.1406e-11
655.1536621,2.0885e-11
655.641748,1.9802e-11
656.1297852,1.8348e-11
656.6178711,1.8481e-11
657.105957,1.9633e-11
657.5940429999999,2.0603e-11
658.0821289,2.1091e-11
658.5702148,2.1251e-11
659.0583008,2.1459e-11
659.5463867000001,2.1309e-11
660.0344726999999,2.1396e-11
660.5226074,2.1269e-11
661.0106934,2.1284e-11
661.4987793,2.1157e-11
661.9869141,2.1222e-11
662.475,2.1071e-11
662.9631348,2.1107e-11
663.4512207,2.0953e-11
663.9393554999999,2.0852e-11
664.4274902,2.0812e-11
664.915625,2.073e-11
665.4037598,2.0737e-11
665.8918457,2.0723e-11
666.3799805,2.0734e-11
666.8681152,2.0481e-11
667.35625,2.0219e-11
667.8444336,1.9445e-11
668.3325684,1.9761e-11
668.8207031,2.0064e-11
669.3088379,2.0351e-11
669.7970215,2.0302e-11
670.2851562,2.0198e-11
670.7733398,2.024e-11
671.2614746,2.0207e-11
671.7496582,2.0231e-11
672.237793,2.0153e-11
672.7259766,2.0002e-11
673.2141601999999,1.9993e-11
673.7023438,1.9966e-11
674.1904784999999,1.9981e-11
674.6786621,1.9958e-11
675.1668457,1.9869e-11
675.6550293,1.9818e-11
676.1432129,1.975e-11
676.6313965,1.9722e-11
677.1196289000001,1.9591e-11
677.6078125,1.9592e-11
678.0959961,1.9558e-11
678.5841797,1.9442e-11
679.0724121000001,1.9399e-11
679.5605957,1.9348e-11
680.0488281,1.9342e-11
680.5370117,1.9341e-11
681.0252441,1.9195e-11
681.5134277,1.9239e-11
682.0016602,1.9177e-11
682.4898926,1.9147e-11
682.978125,1.9013e-11
683.4663085999999,1.9008e-11
683.954541,1.8908e-11
684.4427734,1.8859e-11
684.9310059000001,1.8773e-11
685.4192383,1.8704e-11
685.9074707,1.8645e-11
686.3957031,1.856e-11
686.8839844,1.8596e-11
687.3722168,1.8521e-11
687.8604492000001,1.8546e-11
688.3486816,1.8323e-11
688.8369629,1.8304e-11
689.3251953,1.8191e-11
689.8134766000001,1.822e-11
690.3017090000001,1.8192e-11
690.7899902,1.8246e-11
691.2782227,1.8232e-11
691.7665039000001,1.8172e-11
692.2547852,1.8101e-11
692.7430176,1.8055e-11
693.2312988,1.807e-11
693.7195801,1.7936e-11
694.2078613,1.796e-11
694.6961426,1.786e-11
695.184375,1.774e-11
695.6726562,1.7698e-11
696.1609375,1.7716e-11
696.6492676,1.79e-11
697.1375488,1.7728e-11
697.6258301,1.7742e-11
698.1141113,1.7622e-11
698.6023926,1.7538e-11
699.0907227,1.7535e-11
699.5790039000001,1.7447e-11
700.0672852,1.7446e-11
700.5556152,1.7381e-11
701.0438965000001,1.7341e-11
701.5322266000001,1.735e-11
702.0205078,1.7247e-11
702.5088379,1.7234e-11
702.9971191,1.7177e-11
703.4854492000001,1.7144e-11
703.9737793,1.7045e-11
704.4620605,1.7071e-11
704.9503906,1.6864e-11
705.4387207,1.6855e-11
705.9270508,1.675e-11
706.4153809000001,1.6271e-11
706.9036621,1.6111e-11
707.3919922,1.6499e-11
707.8803223,1.6651e-11
708.3686523,1.6741e-11
708.8569824,1.656e-11
709.3453612999999,1.6597e-11
709.8336914,1.6542e-11
710.3220215,1.6545e-11
710.8103516,1.6544e-11
711.2986816,1.651e-11
711.7870605,1.648e-11
712.2753906,1.6421e-11
712.7637207,1.6425e-11
713.2520996000001,1.6326e-11
713.7404297,1.6275e-11
714.2288086,1.6209e-11
714.7171387000001,1.6214e-11
715.2055176,1.6123e-11
715.6938477,1.6028e-11
716.1822266,1.6075e-11
716.6705565999999,1.6012e-11
717.1589355,1.5775e-11
717.6473145,1.5651e-11
718.1356445,1.5633e-11
718.6240233999999,1.5764e-11
719.1124023,1.5794e-11
719.6007812,1.5752e-11
720.0891601999999,1.5733e-11
720.5774902,1.5735e-11
721.0658691,1.5667e-11
721.554248,1.5724e-11
722.042627,1.5643e-11
722.5310059000001,1.555e-11
723.0193848,1.5548e-11
723.5077637,1.5505e-11
723.9961914,1.543e-11
724.4845703,1.5414e-11
724.9729492,1.5313e-11
725.4613281,1.5293e-11
725.949707,1.5318e-11
726.4380859,1.5276e-11
726.9265137,1.5141e-11
727.4148926,1.5219e-11
727.9032715000001,1.4947e-11
728.3916992000001,1.4828e-11
728.8800781,1.4939e-11
729.368457,1.4986e-11
729.8568848,1.4891e-11
730.3452637,1.4943e-11
730.8336914,1.4914e-11
731.3220703,1.4855e-11
731.810498,1.4881e-11
732.298877,1.4834e-11
732.7873047,1.4795e-11
733.2757324,1.4733e-11
733.7641113,1.4726e-11
734.2525391,1.468e-11
734.7409668,1.4597e-11
735.2293457,1.4642e-11
735.7177733999999,1.4522e-11
736.2062012,1.4564e-11
736.6946289,1.4505e-11
737.1830566,1.4464e-11
737.6714355,1.4445e-11
738.1598633,1.4437e-11
738.648291,1.4394e-11
739.1367188,1.4271e-11
739.6251465,1.4237e-11
740.1135742,1.4302e-11
740.602002,1.4242e-11
741.0904297,1.4172e-11
741.5788574000001,1.416e-11
742.0672852,1.4141e-11
742.5557129,1.4078e-11
743.0441406,1.4046e-11
743.5325684000001,1.4001e-11
744.0209960999999,1.3964e-11
744.5094237999999,1.4031e-11
744.9979003999999,1.3989e-11
745.4863281,1.3956e-11
745.9747559,1.3815e-11
746.4631836,1.3891e-11
746.9516113,1.3817e-11
747.4400879,1.3805e-11
747.9285156,1.3723e-11
748.4169434,1.3699e-11
748.9053710999999,1.3635e-11
749.3938476999999,1.362e-11
749.8822754,1.361e-11
750.3707031,1.3521e-11
750.8591797,1.3508e-11
751.3476074,1.3494e-11
751.836084,1.3505e-11
752.3245117,1.3419e-11
752.8129395,1.3351e-11
753.301416,1.3349e-11
753.7898438,1.3306e-11
754.2783203,1.3338e-11
754.766748,1.3332e-11
755.2552246,1.3284e-11
755.7436523,1.3237e-11
756.2321289,1.3239e-11
756.7206054999999,1.3168e-11
757.2090332,1.3105e-11
757.6975098,1.3063e-11
758.1859375,1.3042e-11
758.6744141,1.2928e-11
759.1628906,1.2811e-11
759.6513184,1.2751e-11
760.1397949,1.2839e-11
760.6282715,1.2836e-11
761.1166992000001,1.2802e-11
761.6051758,1.2753e-11
762.0936523,1.2833e-11
762.5820801,1.276e-11
763.0705565999999,1.2715e-11
763.5590331999999,1.2707e-11
764.0474609,1.2693e-11
764.5359375,1.2687e-11
765.0244141000001,1.264e-11
765.5128906,1.2551e-11
766.0013672,1.2573e-11
766.4897949,1.2522e-11
766.9782715,1.2517e-11
767.466748,1.2569e-11
767.9552246000001,1.2455e-11
768.4437012000001,1.2334e-11
768.9321289000001,1.2396e-11
769.4206055,1.235e-11
769.909082,1.2385e-11
770.3975585999999,1.2397e-11
770.8860351999999,1.2387e-11
771.3745117000001,1.233e-11
771.8629883,1.2285e-11
772.3514648,1.2222e-11
772.8398926,1.2235e-11
773.3283690999999,1.2225e-11
773.8168456999999,1.2127e-11
774.3053223,1.2119e-11
774.7937988,1.2061e-11
775.2822754,1.2131e-11
775.770752,1.207e-11
776.2592285,1.2154e-11
776.7477051,1.2055e-11
777.2361816,1.2023e-11
777.7246582,1.1957e-11
778.2131348,1.19e-11
778.7016113,1.1846e-11
779.1900879,1.1847e-11
779.6785156,1.1836e-11
780.1669922,1.1908e-11
780.6554688,1.1831e-11
781.1439453,1.1832e-11
781.6324219,1.176e-11
782.1208984,1.1737e-11
782.609375,1.1696e-11
783.0978516,1.1711e-11
783.5863281,1.1596e-11
784.0748047,1.1612e-11
784.5632812,1.1573e-11
785.0517578,1.1456e-11
785.5402344,1.1539e-11
786.0287109,1.1562e-11
786.5171875,1.1592e-11
787.0056641,1.1515e-11
787.4941406,1.142e-11
787.9826172,1.135e-11
788.4710938000001,1.1298e-11
788.9595703,1.132e-11
789.4480469,1.1324e-11
789.9365233999999,1.1343e-11
790.425,1.1337e-11
790.9134766,1.1286e-11
791.4019531,1.1237e-11
791.8904297,1.124e-11
792.3789062,1.1257e-11
792.8673828,1.1255e-11
793.3558594,1.1194e-11
793.8443359,1.1186e-11
794.3328125,1.1159e-11
794.8212402,1.1096e-11
795.3097168,1.1115e-11
795.7981934000001,1.0976e-11
796.2866699,1.0992e-11
796.7751465,1.0906e-11
797.263623,1.0825e-11
797.7520996000001,1.0921e-11
798.2405762000001,1.0975e-11
798.7290527,1.0999e-11
799.2175293,1.0943e-11
799.7060059,1.0887e-11
800.1944335999999,1.0839e-11
800.6829101999999,1.0777e-11
801.1713867000001,1.0767e-11
801.6598633,1.0689e-11
802.1483398,1.0751e-11
802.6368164,1.0675e-11
803.1252929999999,1.0671e-11
803.6137206999999,1.0632e-11
804.1021973,1.0546e-11
804.5906738,1.0575e-11
805.0791504,1.0549e-11
805.567627,1.0512e-11
806.0560547,1.0516e-11
806.5445311999999,1.0495e-11
807.0330078,1.0458e-11
807.5214844,1.0394e-11
808.0099121000001,1.0333e-11
808.4983887000001,1.0392e-11
808.9868652,1.0359e-11
809.4753418,1.038e-11
809.9637695,1.0313e-11
810.4522460999999,1.0285e-11
810.9407226999999,1.0252e-11
811.4291504,1.0241e-11
811.917627,1.0224e-11
812.4061035,1.0272e-11
812.8945312,1.0272e-11
813.3830078,1.0201e-11
813.8714355,1.0127e-11
814.3599121,1.0111e-11
814.8483887,1.0114e-11
815.3368164000001,1.0072e-11
815.825293,1.0123e-11
816.3137207,1.0092e-11
816.8021973,1.0052e-11
817.290625,9.9669e-12
817.7791016,9.9496e-12
818.2675293,9.9483e-12
818.7560059,9.8463e-12
819.2444336000001,9.9263e-12
819.7329102,9.9226e-12
820.2212890999999,9.9074e-12
820.7097656,9.8539e-12
821.1982421999999,9.8416e-12
821.6866211,9.7932e-12
822.1750976999999,9.7736e-12
822.6635742000001,9.7407e-12
823.1519531,9.6689e-12
823.6404296999999,9.5223e-12
824.1289062,9.5199e-12
824.6172852,9.6285e-12
825.1057617,9.657e-12
825.5942382999999,9.6291e-12
826.0826172,9.6144e-12
826.5710938,9.5293e-12
827.0594727,9.5692e-12
827.5479492000001,9.5554e-12
828.0363281,9.5469e-12
828.5248046999999,9.4888e-12
829.0131836,9.4681e-12
829.5016602,9.4131e-12
829.9900390999999,9.4435e-12
830.4785156,9.4204e-12
830.9668945,9.4424e-12
831.4553711000001,9.3781e-12
831.94375,9.4359e-12
832.4322265999999,9.3477e-12
832.9206055000001,9.2933e-12
833.4090819999999,9.2628e-12
833.8974609,9.2217e-12
834.3859375,9.2286e-12
834.8743164,9.1777e-12
835.3626953,9.2386e-12
835.8511719,9.2177e-12
836.3395508,9.1447e-12
836.8279296999999,9.0841e-12
837.3164062,9.106e-12
837.8047852,9.1312e-12
838.2931640999999,9.1075e-12
838.7816406,9.1336e-12
839.2700195,9.0997e-12
839.7583984,9.09e-12
840.246875,9.1598e-12
840.7352539,9.0101e-12
841.2236328000001,9.0132e-12
841.7120117000001,8.987e-12
842.2004883,9.0379e-12
842.6888671999999,9.0347e-12
843.1772461,8.9373e-12
843.665625,8.9776e-12
844.1540038999999,8.8854e-12
844.6423828000001,8.8277e-12
845.1307617,8.7866e-12
845.6192383,8.7773e-12
846.1076171999999,8.7348e-12
846.5959961000001,8.8231e-12
847.084375,8.8003e-12
847.5727539,8.786e-12
848.0611328000001,8.778e-12
848.5495117,8.7249e-12
849.0378906,8.7618e-12
849.5262694999999,8.7516e-12
850.0146484,8.6383e-12
850.5030273,8.5815e-12
850.9914062,8.6083e-12
851.4797851999999,8.6137e-12
851.9681641,8.5948e-12
852.456543,8.6099e-12
852.9449219,8.6429e-12
853.4332031,8.5891e-12
853.921582,8.5624e-12
854.4099609000001,8.5034e-12
854.8983398,8.4316e-12
855.3867188,8.4984e-12
855.875,8.4851e-12
856.3633788999999,8.4436e-12
856.8517578000001,8.4708e-12
857.3401367,8.4685e-12
857.828418,8.415e-12
858.3167969,8.391e-12
858.8051757999999,8.3706e-12
859.2935547,8.3019e-12
859.7818359,8.2371e-12
860.2702148000001,8.2032e-12
860.7584961,8.2078e-12
861.246875,8.3377e-12
861.7352539,8.2794e-12
862.2235352,8.3409e-12
862.7119141,8.2374e-12
863.2001953000001,8.2289e-12
863.6885742000001,8.1836e-12
864.1768555000001,8.1606e-12
864.6652344,8.127e-12
865.1535156,8.1161e-12
865.6418944999999,8.0498e-12
866.1301758,7.9888e-12
866.6184569999999,7.9779e-12
867.1068359000001,8.0206e-12
867.5951171999999,8.0608e-12
868.0833984000001,8.0417e-12
868.5717773,8.0812e-12
869.0600586,8.1185e-12
869.5483398,8.1334e-12
870.0367188,8.1083e-12
870.525,8.1081e-12
871.0132811999999,8.123e-12
871.5015625,8.0973e-12
871.9898438,8.0604e-12
872.478125,8.0439e-12
872.9665038999999,7.9539e-12
873.4547852,7.899e-12
873.9430663999999,7.8134e-12
874.4313477,7.7021e-12
874.9196288999999,7.6038e-12
875.4079102,7.5894e-12
875.8961913999999,7.6868e-12
876.3844727,7.7453e-12
876.8727538999999,7.7708e-12
877.3610352,7.8255e-12
877.8493163999999,7.7818e-12
878.3375977,7.7959e-12
878.8257811999999,7.8302e-12
879.3140625,7.8551e-12
879.8023438,7.8779e-12
880.290625,7.8672e-12
880.7789061999999,7.895e-12
881.2670898,7.857e-12
881.7553711,7.7715e-12
882.2436523,7.7537e-12
882.7319336,7.7033e-12
883.2201171999999,7.7082e-12
883.7083984000001,7.6361e-12
884.1966796999999,7.5613e-12
884.6848633,7.5551e-12
885.1731444999999,7.3732e-12
885.6613281,7.2461e-12
886.1496094,7.0946e-12
886.6377930000001,7.1017e-12
887.1260742000001,7.2062e-12
887.6142578000001,7.3741e-12
888.1025391,7.4279e-12
888.5907227,7.4842e-12
889.0789062,7.5209e-12
889.5671875,7.5127e-12
890.0553711,7.4675e-12
890.5435547,7.4666e-12
891.0318359,7.5057e-12
891.5200195,7.477e-12
892.0082031,7.5458e-12
892.4963867,7.5177e-12
892.9845703000001,7.4878e-12
893.4728515999999,7.3965e-12
893.9610352,7.4158e-12
894.4492188,7.3896e-12
894.9374023,7.4382e-12
895.4255859000001,7.3606e-12
895.9137695,7.4364e-12
896.4019531,7.3736e-12
896.8901367000001,7.3355e-12
897.3783203,7.3386e-12
897.8665039,7.2993e-12
898.3546875,7.292e-12
898.8428711,7.2013e-12
899.3309569999999,7.1393e-12
899.8191406,7.0085e-12
900.3073242,6.89e-12
900.7955078000001,6.7368e-12
901.2835938000001,6.6079e-12
901.7717773,6.6012e-12
902.2599609000001,6.748e-12
902.7480469,6.8665e-12
903.2362305,6.937e-12
903.7244140999999,7.0844e-12
904.2125,7.0529e-12
904.7006836,6.9825e-12
905.1887694999999,7.0672e-12
905.6769531,7.0188e-12
906.1650391,7.0521e-12
906.653125,7.0126e-12
907.1413086,6.9887e-12
907.6293945,7.0684e-12
908.1175781,7.0696e-12
908.6056640999999,6.9563e-12
909.09375,6.9563e-12
909.5818359000001,6.9949e-12
910.0700195,6.9625e-12
910.5581055,6.9136e-12
911.0461914,6.9139e-12
911.5342773,6.9174e-12
912.0223632999999,6.9127e-12
912.5104492,6.8696e-12
912.9985352,6.8929e-12
913.4866211000001,6.8659e-12
913.974707,6.8428e-12
914.462793,6.8475e-12
914.9508788999999,6.871e-12
915.4389648,6.8233e-12
915.9270508,6.862e-12
916.4150391,6.8731e-12
916.903125,6.7819e-12
917.3912109,6.6745e-12
917.8792969,6.6824e-12
918.3672852,6.6432e-12
918.8553711000001,6.7508e-12
919.343457,6.7449e-12
919.8314453,6.6729e-12
920.3195312,6.6098e-12
920.8075194999999,6.5051e-12
921.2956055000001,6.4154e-12
921.7835938000001,6.3049e-12
922.2716796999999,6.1886e-12
922.759668,6.0614e-12
923.2476561999999,5.9977e-12
923.7357421999999,6.1162e-12
924.2237305000001,6.2093e-12
924.7117188,6.3047e-12
925.1998047,6.39e-12
925.687793,6.4497e-12
926.1757812,6.4941e-12
926.6637695,6.4727e-12
927.1517578,6.4596e-12
927.6397461,6.5013e-12
928.1277344,6.4541e-12
928.6157227,6.4651e-12
929.1037109000001,6.5716e-12
929.5916992,6.4458e-12
930.0796875,6.4572e-12
930.5676758,6.4422e-12
931.0556641,6.389e-12
931.5435547,6.3579e-12
932.031543,6.2764e-12
932.5195312,6.382e-12
933.0075195,6.3311e-12
933.4954101999999,6.2883e-12
933.9833984,6.2491e-12
934.4712890999999,6.1619e-12
934.9592773,6.1816e-12
935.447168,6.2028e-12
935.9351561999999,6.3099e-12
936.4230469,6.2766e-12
936.9110352,6.2508e-12
937.3989257999999,6.2513e-12
937.8868163999999,6.201e-12
938.3748046999999,6.1717e-12
938.8626953,6.194e-12
939.3505859,6.2018e-12
939.8384765999999,6.1926e-12
940.3263671999999,6.2627e-12
940.8143555,6.1472e-12
941.3022461,6.1867e-12
941.7901367000001,6.0961e-12
942.2780273000001,6.0822e-12
942.765918,6.1276e-12
943.2537109000001,6.1034e-12
943.7416016,6.1353e-12
944.2294921999999,6.1709e-12
944.7173828000001,6.0987e-12
945.2052734000001,6.0819e-12
945.6930663999999,6.0437e-12
946.1809569999999,6.0228e-12
946.6688477,6.0071e-12
947.1566406,6.0423e-12
947.6445312,6.0595e-12
948.1324219,5.9779e-12
948.6202148,5.9201e-12
949.1080078000001,5.9242e-12
949.5958984000001,5.9319e-12
950.0836913999999,5.8955e-12
950.5715819999999,5.8822e-12
951.059375,5.8723e-12
951.547168,5.7736e-12
952.0349609000001,5.6864e-12
952.5228516,5.5816e-12
953.0106444999999,5.5609e-12
953.4984375,5.5219e-12
953.9862305,5.3379e-12
954.4740234000001,5.2473e-12
954.9618164,5.1712e-12
955.4496094,5.2134e-12
955.9374023,5.3539e-12
956.4251953,5.5601e-12
956.9128906,5.5919e-12
957.4006836000001,5.7122e-12
957.8884765999999,5.7099e-12
958.3762694999999,5.6413e-12
958.8639648000001,5.6822e-12
959.3517578000001,5.678e-12
959.8394531,5.6791e-12
960.3272461,5.6638e-12
960.8149414,5.6328e-12
961.3027344,5.6211e-12
961.7904296999999,5.7816e-12
962.2782227,5.7041e-12
962.765918,5.7705e-12
963.2536133,5.6371e-12
963.7413086,5.6261e-12
964.2291015999999,5.6485e-12
964.7167969,5.5961e-12
965.2044921999999,5.5701e-12
965.6921875,5.5285e-12
966.1798828000001,5.5602e-12
966.6675781,5.6018e-12
967.1552734,5.5889e-12
967.6429688000001,5.5523e-12
968.1306640999999,5.5062e-12
968.6182617000001,5.5202e-12
969.105957,5.599e-12
969.5936523,5.5981e-12
970.0813476999999,5.6083e-12
970.5689453000001,5.5871e-12
971.0566406,5.538e-12
971.5442383,5.5017e-12
972.0319336,5.4585e-12
972.5195312,5.423e-12
973.0072266,5.4638e-12
973.4948242,5.4642e-12
973.9824219,5.4131e-12
974.4701171999999,5.4267e-12
974.9577148000001,5.3546e-12
975.4453125,5.4272e-12
975.9329101999999,5.3953e-12
976.4205078000001,5.3789e-12
976.9081055,5.3876e-12
977.3957031,5.3856e-12
977.8833007999999,5.3904e-12
978.3708984000001,5.402e-12
978.8584961,5.436e-12
979.3460938000001,5.4407e-12
979.8335938,5.3503e-12
980.3211914,5.3553e-12
980.8087890999999,5.338e-12
981.2963867000001,5.2831e-12
981.7838867,5.2666e-12
982.2714844,5.2105e-12
982.7589844,5.1854e-12
983.246582,5.1996e-12
983.734082,5.2176e-12
984.2215819999999,5.1969e-12
984.7091796999999,5.2006e-12
985.1966796999999,5.2034e-12
985.6841797,5.218e-12
986.1716796999999,5.2885e-12
986.6591796999999,5.3243e-12
987.1466796999999,5.196e-12
987.6341796999999,5.172e-12
988.1216797,5.2144e-12
988.6091796999999,5.2132e-12
989.0966796999999,5.2132e-12
989.5841796999999,5.1517e-12
990.0716796999999,5.1724e-12
990.559082,5.074e-12
991.046582,5.0626e-12
991.5340819999999,5.1247e-12
992.0214844,4.9248e-12
992.5089844,5.1325e-12
992.9963867,5.0484e-12
993.4838867000001,5.1261e-12
993.9712890999999,4.9878e-12
994.4586913999999,5.0236e-12
994.9461914,5.0805e-12
995.4335938,5.0373e-12
995.9209961,5.0295e-12
996.4083984000001,5.0444e-12
996.8958008,5.0425e-12
997.3832031,4.9918e-12
997.8706055,4.9646e-12
998.3580078000001,5.0011e-12
998.8454102,4.9066e-12
999.3328125,4.9181e-12
999.8202148,4.9725e-12
1000.3075194999999,4.9552e-12
1000.7949219,4.9289e-12
1001.2823242000001,4.8743e-12
1001.7696288999999,4.8172e-12
1002.2570312,4.7746e-12
1002.7443359000001,4.6478e-12
1003.2317383,4.6217e-12
1003.719043,4.5715e-12
1004.2063476999999,4.5359e-12
1004.69375,4.3728e-12
1005.1810546999999,4.2976e-12
1005.6683594,4.3578e-12
1006.1556641,4.4492e-12
1006.6429688000001,4.5755e-12
1007.1302734000001,4.557e-12
1007.6175781,4.6046e-12
1008.1048828,4.6229e-12
1008.5921875,4.6655e-12
1009.0794921999999,4.5973e-12
1009.5666992,4.6698e-12
1010.0540039,4.7012e-12
1010.5413086000001,4.6421e-12
1011.0285156,4.597e-12
1011.5158203000001,4.6317e-12
1012.5,4.6371214e-12
1017.5,4.5785762e-12
1022.5,4.4932786e-12
1027.5,4.413401e-12
1032.5,4.3211277e-12
1037.5,4.256633e-12
1042.5,4.1800487e-12
1047.5,4.1062193e-12
1052.5,4.0327607e-12
1057.5,3.962267e-12
1062.5,3.8925248e-12
1067.5,3.819685e-12
1072.5,3.758169e-12
1077.5,3.6927054e-12
1082.5,3.5967106e-12
1087.5,3.5623592e-12
1092.5,3.3054943e-12
1097.5,3.4036207e-12
1102.5,3.3730091e-12
1107.5,3.328823e-12
1112.5,3.27346e-12
1117.5,3.2190277e-12
1122.5,3.1639433e-12
1127.5,3.1123043e-12
1132.5,3.0584888e-12
1137.5,3.0097218e-12
1142.5,2.9597453e-12
1147.5,2.9120274e-12
1152.5,2.8650437e-12
1157.5,2.8175056e-12
1162.5,2.7698156e-12
1167.5,2.7246835e-12
1172.5,2.6843955e-12
1177.5,2.641233e-12
1182.5,2.5988703e-12
1187.5,2.5579135e-12
1192.5,2.5174801e-12
1197.5,2.4593814e-12
1202.5,2.4390492e-12
1207.5,2.400915e-12
1212.5,2.3631474e-12
1217.5,2.3268726e-12
1222.5,2.2909044e-12
1227.5,2.2557297e-12
1232.5,2.220941e-12
1237.5,2.186978e-12
1242.5,2.1539298e-12
1247.5,2.1207131e-12
1252.5,2.084876e-12
1257.5,2.0569932e-12
1262.5,2.0263233e-12
1267.5,1.99658e-12
1272.5,1.9667876e-12
1277.5,1.9141464e-12
1282.5,1.800821e-12
1287.5,1.8753699e-12
1292.5,1.853229e-12
1297.5,1.8169917e-12
1302.5,1.7986415e-12
1307.5,1.7734982e-12
1312.5,1.7478429e-12
1317.5,1.7226258e-12
1322.5,1.6978875e-12
1327.5,1.673568e-12
1332.5,1.649385e-12
1337.5,1.6255492e-12
1342.5,1.6017339e-12
1347.5,1.5803629e-12
1352.5,1.5575265e-12
1357.5,1.5362792e-12
1362.5,1.5139278e-12
1367.5,1.4937469e-12
1372.5,1.4721204e-12
1377.5,1.4527771e-12
1382.5,1.4327485e-12
1387.5,1.4129707e-12
1392.5,1.3928631e-12
1397.5,1.3744725e-12
1402.5,1.355381e-12
1407.5,1.3376083e-12
1412.5,1.3193665e-12
1417.5,1.3017e-12
1422.5,1.2842949e-12
1427.5,1.2670048e-12
1432.5,1.250147e-12
1437.5,1.2334818e-12
1442.5,1.2172464e-12
1447.5,1.201178e-12
1452.5,1.1852363e-12
1457.0,1.1713152e-12
1462.0,1.1556978e-12
1467.5,1.1392234e-12
1472.5,1.1244585e-12
1477.5,1.1093822e-12
1482.5,1.0956759e-12
1487.5,1.0816226e-12
1492.5,1.0677869e-12
1497.5,1.0541558e-12
1502.5,1.0405616e-12
1507.5,1.0260123e-12
1512.5,1.0144496e-12
1517.5,1.0015476e-12
1522.5,9.890253e-13
1527.5,9.761526e-13
1532.5,9.63732e-13
1537.5,9.522931e-13
1542.5,9.387971e-13
1547.5,9.287546e-13
1552.5,9.171266e-13
1557.5,9.0223976e-13
1562.5,8.967269e-13
1567.5,8.817518e-13
1572.5,8.675664e-13
1577.5,8.651141e-13
1582.5,8.5418494e-13
1587.5,8.2887863e-13
1592.5,8.311927e-13
1597.5,8.256481e-13
1605.0,8.0802e-13
1615.0,7.796755e-13
1625.0,7.745797e-13
1635.0,7.5133904e-13
1645.0,7.2340983e-13
1655.0,7.218173e-13
1665.0,7.0517566e-13
1675.0,6.835803e-13
1685.0,6.5729393e-13
1695.0,6.5793654e-13
1705.0,6.4034184e-13
1715.0,6.2874657e-13
1725.0,6.144788e-13
1735.0,5.8217987e-13
1745.0,5.863996e-13
1755.0,5.749295e-13
1765.0,5.623852e-13
1775.0,5.5014e-13
1785.0,5.3800665e-13
1795.0,5.267219e-13
1805.0,5.1533593e-13
1815.0,4.8882843e-13
1825.0,4.913427e-13
1835.0,4.834193e-13
1845.0,4.732713e-13
1855.0,4.6300875e-13
1865.0,4.507538e-13
1875.0,4.301615e-13
1885.0,4.351782e-13
1895.0,4.26345e-13
1905.0,4.1658308e-13
1915.0,4.093666e-13
1925.0,4.0115987e-13
1935.0,3.926804e-13
1945.0,3.7134984e-13
1955.0,3.7681498e-13
1965.0,3.702206e-13
1975.0,3.6296048e-13
1985.0,3.5587172e-13
1995.0,3.489526e-13
2005.0,3.421985e-13
2015.0,3.3560752e-13
2025.0,3.2916817e-13
2035.0,3.2287966e-13
2045.0,3.1666109e-13
2055.0,3.1019653e-13
2065.0,3.0490955e-13
2075.0,2.9917033e-13
2085.0,2.9361789e-13
2095.0,2.8814917e-13
2105.0,2.8280506e-13
2115.0,2.767247e-13
2125.0,2.7257073e-13
2135.0,2.6760002e-13
2145.0,2.6269232e-13
2155.0,2.5776752e-13
2165.0,2.4381747e-13
2175.0,2.4823083e-13
2185.0,2.4426e-13
2195.0,2.400466e-13
2205.0,2.3581186e-13
2215.0,2.3166094e-13
2225.0,2.2755991e-13
2235.0,2.2363493e-13
2245.0,2.1974817e-13
2255.0,2.1594697e-13
2265.0,2.122252e-13
2275.0,2.0858845e-13
2285.0,2.0500073e-13
2295.0,2.0152186e-13
2305.0,1.9807535e-13
2315.0,1.9477382e-13
2325.0,1.9151068e-13
2335.0,1.8831288e-13
2345.0,1.8517809e-13
2355.0,1.8210597e-13
2365.0,1.7909564e-13
2375.0,1.7615056e-13
2385.0,1.7326772e-13
2395.0,1.7043149e-13
2405.0,1.6765869e-13
2415.0,1.649367e-13
2425.0,1.6227144e-13
2435.0,1.5966273e-13
2445.0,1.570801e-13
2455.0,1.546209e-13
2465.0,1.5209981e-13
2475.0,1.494953e-13
2485.0,1.4750125e-13
2495.0,1.4480322e-13
2505.0,1.4294013e-13
2515.0,1.4073721e-13
2525.0,1.3792869e-13
2535.0,1.3635004e-13
2545.0,1.3451958e-13
2555.0,1.3217609e-13
2565.0,1.2927432e-13
2575.0,1.2827044e-13
2585.0,1.2652013e-13
2595.0,1.2457885e-13
2605.0,1.2222814e-13
2615.0,1.1892405e-13
2625.0,1.1443922e-13
2635.0,1.1690583e-13
2645.0,1.1556564e-13
2655.0,1.1376523e-13
2665.0,1.11891595e-13
2675.0,1.0831629e-13
2685.0,1.08587394e-13
2695.0,1.0732658e-13
2705.0,1.05767974e-13
2715.0,1.042397e-13
2725.0,1.0273661e-13
2735.0,1.0126087e-13
2745.0,9.972628e-14
2755.0,9.6187544e-14
2765.0,9.6205284e-14
2775.0,9.560845e-14
2785.0,9.426306e-14
2795.0,9.293626e-14
2805.0,9.162274e-14
2815.0,9.035286e-14
2825.0,8.9095716e-14
2835.0,8.785922e-14
2845.0,8.664237e-14
2855.0,8.5415744e-14
2865.0,8.3792924e-14
2875.0,8.071491e-14
2885.0,8.186949e-14
2895.0,8.0871894e-14
2905.0,7.977698e-14
2915.0,7.869745e-14
2925.0,7.763927e-14
2935.0,7.659645e-14
2945.0,7.5570626e-14
2955.0,7.4566906e-14
2965.0,7.357405e-14
2975.0,7.2602846e-14
2985.0,7.1643415e-14
2995.0,7.069926e-14
3005.0,6.977304e-14
3015.0,6.8843626e-14
3025.0,6.7919676e-14
3035.0,6.5364984e-14
3045.0,6.5309533e-14
3055.0,6.533073e-14
3065.0,6.4509074e-14
3075.0,6.3660726e-14
3085.0,6.285607e-14
3095.0,6.2072465e-14
3105.0,6.1283416e-14
3115.0,6.0504844e-14
3125.0,5.9735386e-14
3135.0,5.899199e-14
3145.0,5.8250754e-14
3155.0,5.7524217e-14
3165.0,5.680689e-14
3175.0,5.6100442e-14
3185.0,5.5404456e-14
3195.0,5.472063e-14
3210.0,5.371394e-14
3230.0,5.2405017e-14
3250.0,5.11383e-14
3270.0,4.9907547e-14
3290.0,4.7668914e-14
3310.0,4.735691e-14
3330.0,4.642347e-14
3350.0,4.5351594e-14
3370.0,4.4294148e-14
3390.0,4.326976e-14
3410.0,4.2311918e-14
3430.0,4.1341323e-14
3450.0,4.0398156e-14
3470.0,3.948026e-14
3490.0,3.8587406e-14
3510.0,3.7723788e-14
3530.0,3.688362e-14
3550.0,3.6064007e-14
3570.0,3.5263594e-14
3590.0,3.4494434e-14
3610.0,3.3719518e-14
3630.0,3.3007034e-14
3650.0,3.2254683e-14
3670.0,3.159998e-14
3690.0,3.086706e-14
3710.0,3.0220977e-14
3730.0,2.9301485e-14
3750.0,2.8498796e-14
3770.0,2.8384598e-14
3790.0,2.7804788e-14
3810.0,2.7165407e-14
3830.0,2.6616538e-14
3850.0,2.6119562e-14
3870.0,2.5586397e-14
3890.0,2.5052075e-14
3910.0,2.4426628e-14
3930.0,2.4065653e-14
3950.0,2.358463e-14
3970.0,2.3115214e-14
3990.0,2.2657101e-14
4010.0,2.2122361e-14
4030.0,2.1606594e-14
4050.0,2.0910296e-14
4070.0,2.092858e-14
4090.0,2.0529942e-14
4110.0,2.0134681e-14
4130.0,1.9735752e-14
4150.0,1.936304e-14
4170.0,1.8763564e-14
4190.0,1.86304e-14
4210.0,1.8295283e-14
4230.0,1.7952918e-14
4250.0,1.7611843e-14
4270.0,1.7291929e-14
4290.0,1.6950097e-14
4310.0,1.6660994e-14
4330.0,1.6356326e-14
4350.0,1.6057946e-14
4370.0,1.5541488e-14
4390.0,1.5426067e-14
4410.0,1.520464e-14
4430.0,1.4932805e-14
4450.0,1.4666975e-14
4470.0,1.4418335e-14
4490.0,1.4163791e-14
4510.0,1.3914883e-14
4530.0,1.3671357e-14
4550.0,1.34332505e-14
4570.0,1.3200152e-14
4590.0,1.2972102e-14
4610.0,1.2745404e-14
4630.0,1.2521317e-14
4650.0,1.1987724e-14
4670.0,1.184797e-14
4690.0,1.1860796e-14
4710.0,1.1702154e-14
4730.0,1.1505956e-14
4750.0,1.1313504e-14
4770.0,1.1125541e-14
4790.0,1.0941241e-14
4810.0,1.0760741e-14
4830.0,1.058387e-14
4850.0,1.0410671e-14
4870.0,1.0240981e-14
4890.0,1.00747115e-14
4910.0,9.9118525e-15
4930.0,9.752134e-15
4950.0,9.5957025e-15
4970.0,9.442376e-15
4990.0,9.2921945e-15
5010.0,9.144829e-15
5030.0,9.000437e-15
5050.0,8.858942e-15
5070.0,8.720074e-15
5090.0,8.583854e-15
5110.0,8.431928e-15
5130.0,8.126172e-15
5150.0,8.1805426e-15
5170.0,8.064577e-15
5190.0,7.94177e-15
5210.0,7.820698e-15
5230.0,7.701905e-15
5250.0,7.585128e-15
5270.0,7.4679016e-15
5290.0,7.3584945e-15
5310.0,7.248332e-15
5330.0,7.1401735e-15
5350.0,7.033994e-15
5370.0,6.9238815e-15
5390.0,6.822045e-15
5410.0,6.727345e-15
5430.0,6.628831e-15
5450.0,6.532153e-15
5470.0,6.437115e-15
5490.0,6.3437732e-15
5510.0,6.2482423e-15
5530.0,6.144769e-15
5550.0,6.073862e-15
5570.0,5.9871825e-15
5590.0,5.9019642e-15
5610.0,5.8182346e-15
5630.0,5.736002e-15
5650.0,5.6551956e-15
5670.0,5.5758057e-15
5690.0,5.4970304e-15
5710.0,5.3922554e-15
5730.0,5.3426764e-15
5750.0,5.2717937e-15
5770.0,5.1991026e-15
5790.0,5.1275737e-15
5810.0,5.0573847e-15
5830.0,4.988309e-15
5850.0,4.922761e-15
5870.0,4.855869e-15
5890.0,4.777122e-15
5910.0,4.599724e-15
5930.0,4.651654e-15
5950.0,4.561644e-15
5970.0,4.521432e-15
5990.0,4.4780057e-15
6010.0,4.4187308e-15
6030.0,4.3603664e-15
6050.0,4.302898e-15
6070.0,4.2464536e-15
6090.0,4.1909323e-15
6110.0,4.1362186e-15
6130.0,4.0824824e-15
6150.0,4.0295657e-15
6170.0,3.9775054e-15
6190.0,3.9263408e-15
6210.0,3.8759093e-15
6230.0,3.8263007e-15
6250.0,3.777489e-15
6270.0,3.724159e-15
6290.0,3.6300893e-15
6310.0,3.6263827e-15
6330.0,3.589826e-15
6350.0,3.5447723e-15
6370.0,3.500418e-15
6390.0,3.456757e-15
6420.0,3.3925052e-15
6460.0,3.309143e-15
6500.0,3.2282674e-15
6540.0,3.149898e-15
6580.0,3.0738487e-15
6620.0,3.000066e-15
6660.0,2.9285353e-15
6700.0,2.859044e-15
6740.0,2.7888911e-15
6780.0,2.6967195e-15
6820.0,2.6626368e-15
6860.0,2.6009915e-15
6900.0,2.541029e-15
6940.0,2.4827916e-15
6980.0,2.4262386e-15
7020.0,2.3712889e-15
7060.0,2.3178671e-15
7100.0,2.2659103e-15
7140.0,2.215403e-15
7180.0,2.166351e-15
7220.0,2.1185963e-15
7260.0,2.0719368e-15
7300.0,2.026944e-15
7340.0,1.9830255e-15
7380.0,1.9402122e-15
7420.0,1.8956828e-15
7460.0,1.8252624e-15
7500.0,1.7716207e-15
7540.0,1.7769208e-15
7580.0,1.7428961e-15
7620.0,1.7064626e-15
7660.0,1.6710189e-15
7700.0,1.6364338e-15
7740.0,1.6027589e-15
7780.0,1.5667358e-15
7820.0,1.5379594e-15
7860.0,1.506791e-15
7900.0,1.4764003e-15
7940.0,1.4467858e-15
7980.0,1.4176566e-15
8020.0,1.3892291e-15
8060.0,1.36151e-15
8100.0,1.3344885e-15
8140.0,1.3042028e-15
8180.0,1.2810627e-15
8220.0,1.2572575e-15
8260.0,1.232743e-15
8300.0,1.2088135e-15
8340.0,1.1854316e-15
8380.0,1.1626074e-15
8420.0,1.1402828e-15
8460.0,1.1184729e-15
8500.0,1.0971611e-15
8540.0,1.0763121e-15
8580.0,1.0559746e-15
8620.0,1.0360569e-15
8660.0,1.0099917e-15
8700.0,9.970614e-16
8740.0,9.704042e-16
8780.0,9.523626e-16
8820.0,9.431431e-16
8860.0,9.258003e-16
8900.0,9.088557e-16
8940.0,8.922817e-16
8980.0,8.760688e-16
9020.0,8.6019446e-16
9060.0,8.446447e-16
9100.0,8.294341e-16
9140.0,8.145257e-16
9180.0,7.999316e-16
9220.0,7.8567176e-16
9260.0,7.7170017e-16
9300.0,7.5805854e-16
9340.0,7.447696e-16
9380.0,7.2500017e-16
9420.0,7.1760467e-16
9460.0,7.068242e-16
9500.0,6.947487e-16
9540.0,6.829576e-16
9580.0,6.714246e-16
9620.0,6.601156e-16
9660.0,6.4906197e-16
9700.0,6.3822874e-16
9740.0,6.2769964e-16
9780.0,6.1738024e-16
9820.0,6.0732114e-16
9860.0,5.9745326e-16
9900.0,5.879022e-16
9940.0,5.78558e-16
9980.0,5.693798e-16
10020.0,5.603989e-16
10050.0,5.537664e-16
10100.0,5.42917e-16
10150.0,5.3237715e-16
10200.0,5.2213064e-16
10250.0,5.1208774e-16
10300.0,5.023233e-16
10350.0,4.9274966e-16
10400.0,4.834406e-16
10450.0,4.743015e-16
10500.0,4.6541416e-16
10550.0,4.566848e-16
10600.0,4.4819526e-16
10650.0,4.3992586e-16
10700.0,4.3173566e-16
10750.0,4.2383395e-16
10800.0,4.1607688e-16
10850.0,4.0845538e-16
10900.0,4.0104157e-16
10950.0,3.9383046e-16
11000.0,3.86749e-16
11050.0,3.797948e-16
11100.0,3.730291e-16
11150.0,3.6644612e-16
11200.0,3.5997931e-16
11250.0,3.536344e-16
11300.0,3.4746025e-16
11350.0,3.4139396e-16
11400.0,3.354905e-16
11450.0,3.297452e-16
11500.0,3.2404323e-16
11550.0,3.1848693e-16
11600.0,3.1307905e-16
11650.0,3.077592e-16
11700.0,3.025811e-16
11750.0,2.9743213e-16
11800.0,2.9247015e-16
11850.0,2.8758823e-16
11900.0,2.827878e-16
11950.0,2.7806138e-16
12000.0,2.734604e-16
12050.0,2.6898124e-16
12100.0,2.6457548e-16
12150.0,2.6024428e-16
12200.0,2.5602746e-16
12250.0,2.5187583e-16
12300.0,2.4779152e-16
12350.0,2.4381563e-16
12400.0,2.399035e-16
12450.0,2.3608833e-16
12500.0,2.3233383e-16
12550.0,2.2863688e-16
12600.0,2.2503701e-16
12650.0,2.21491e-16
12700.0,2.180009e-16
12750.0,2.1459417e-16
12800.0,2.1124065e-16
12850.0,2.0797293e-16
12900.0,2.0475574e-16
12950.0,2.0158832e-16
13000.0,1.9850361e-16
13050.0,1.9546183e-16
13100.0,1.9246665e-16
13150.0,1.8954955e-16
13200.0,1.8667668e-16
13250.0,1.8384675e-16
13300.0,1.8109048e-16
13350.0,1.783722e-16
13400.0,1.7572457e-16
13450.0,1.7308844e-16
13500.0,1.7052081e-16
13550.0,1.6801772e-16
13600.0,1.6552325e-16
13650.0,1.6309352e-16
13700.0,1.6072674e-16
13750.0,1.5836593e-16
13800.0,1.5606627e-16
13850.0,1.5380005e-16
13900.0,1.5159245e-16
13950.0,1.4941606e-16
14000.0,1.4727095e-16
14050.0,1.451799e-16
14100.0,1.4309424e-16
14150.0,1.4108823e-16
14200.0,1.390867e-16
14250.0,1.3713516e-16
14300.0,1.35211e-16
14350.0,1.3331508e-16
14400.0,1.3144575e-16
14450.0,1.2962342e-16
14500.0,1.2782636e-16
14550.0,1.2607563e-16
14600.0,1.2432775e-16
14650.0,1.2262495e-16
14700.0,1.2096597e-16
14750.0,1.193092e-16
14800.0,1.176951e-16
14850.0,1.1610285e-16
14900.0,1.1453212e-16
14950.0,1.1300184e-16
15000.0,1.1149201e-16
15050.0,1.1000097e-16
15100.0,1.08529875e-16
15150.0,1.0709798e-16
15200.0,1.0568497e-16
15250.0,1.0428931e-16
15300.0,1.0291207e-16
15350.0,1.0157154e-16
15400.0,1.00248474e-16
15450.0,9.894171e-17
15500.0,9.765198e-17
15550.0,9.639604e-17
15600.0,9.515625e-17
15650.0,9.393182e-17
15700.0,9.272314e-17
15750.0,9.1545276e-17
15800.0,9.0382366e-17
15850.0,8.923536e-17
15900.0,8.81029e-17
15950.0,8.699851e-17
16000.0,8.590795e-17
16050.0,8.4831064e-17
16100.0,8.3767674e-17
16150.0,8.273193e-17
16200.0,8.169511e-17
16250.0,8.068473e-17
16300.0,7.968686e-17
16350.0,7.8714686e-17
16400.0,7.774118e-17
16450.0,7.679275e-17
16500.0,7.585588e-17
16550.0,7.494247e-17
16600.0,7.402749e-17
16650.0,7.3136775e-17
16700.0,7.225679e-17
16750.0,7.138738e-17
16800.0,7.0528456e-17
16850.0,6.9691906e-17
16900.0,6.8853575e-17
16950.0,6.8035824e-17
17000.0,6.72392e-17
17050.0,6.644145e-17
17100.0,6.566432e-17
17150.0,6.4885463e-17
17200.0,6.412674e-17
17250.0,6.338665e-17
17300.0,6.2644466e-17
17350.0,6.192226e-17
17400.0,6.1197985e-17
17450.0,6.049265e-17
17500.0,5.9795444e-17
17550.0,5.911538e-17
17600.0,5.843314e-17
17650.0,5.7769295e-17
17700.0,5.711299e-17
17750.0,5.646432e-17
17800.0,5.5823025e-17
17850.0,5.519821e-17
17900.0,5.458038e-17
17950.0,5.3970153e-17
18000.0,5.336675e-17
18050.0,5.276942e-17
18100.0,5.217878e-17
18150.0,5.1604162e-17
18200.0,5.1035876e-17
18250.0,5.0473846e-17
18300.0,4.9918007e-17
18350.0,4.9368905e-17
18400.0,4.8834133e-17
18450.0,4.8296346e-17
18500.0,4.7772602e-17
18550.0,4.7255564e-17
18600.0,4.674413e-17
18650.0,4.62455e-17
18700.0,4.574442e-17
18750.0,4.525717e-17
18800.0,4.47751e-17
18850.0,4.429803e-17
18900.0,4.382604e-17
18950.0,4.3359626e-17
19000.0,4.290546e-17
19050.0,4.2456057e-17
19100.0,4.200422e-17
19150.0,4.1571834e-17
19200.0,4.1136906e-17
19250.0,4.070641e-17
19300.0,4.0287256e-17
19350.0,3.986577e-17
19400.0,3.94554e-17
19450.0,3.904925e-17
19500.0,3.8647278e-17
19550.0,3.8249804e-17
19600.0,3.7862853e-17
19650.0,3.7479927e-17
19700.0,3.7094574e-17
19750.0,3.671931e-17
19800.0,3.634784e-17
19850.0,3.598058e-17
19900.0,3.562308e-17
19950.0,3.5262696e-17
20000.0,3.4911886e-17
20100.0,3.4218047e-17
20200.0,3.3544146e-17
20300.0,3.288289e-17
20400.0,3.2240992e-17
20500.0,3.1610826e-17
20600.0,3.0999053e-17
20700.0,3.0404304e-17
20800.0,2.9820784e-17
20900.0,2.9253636e-17
21000.0,2.8697996e-17
21100.0,2.8152027e-17
21200.0,2.7626054e-17
21300.0,2.7105278e-17
21400.0,2.6603902e-17
21500.0,2.6111311e-17
21600.0,2.5627839e-17
21700.0,2.5157613e-17
21800.0,2.4695863e-17
21900.0,2.4246879e-17
22000.0,2.3806056e-17
22100.0,2.3377239e-17
22200.0,2.2955574e-17
22300.0,2.2545928e-17
22400.0,2.2143453e-17
22500.0,2.175201e-17
22600.0,2.1366959e-17
22700.0,2.099283e-17
22800.0,2.0624733e-17
22900.0,2.0263599e-17
23000.0,1.9911692e-17
23100.0,1.9569725e-17
23200.0,1.923315e-17
23300.0,1.8902718e-17
23400.0,1.858079e-17
23500.0,1.8264801e-17
23600.0,1.7956797e-17
23700.0,1.7654435e-17
23800.0,1.7356729e-17
23900.0,1.7066955e-17
24000.0,1.678244e-17
24100.0,1.6505074e-17
24200.0,1.6232291e-17
24300.0,1.5966741e-17
24400.0,1.5705931e-17
24500.0,1.5448993e-17
24600.0,1.5198855e-17
24700.0,1.4952765e-17
24800.0,1.4710661e-17
24900.0,1.4474946e-17
25000.0,1.4245443e-17
25100.0,1.4017184e-17
25200.0,1.3794938e-17
25300.0,1.35785345e-17
25400.0,1.3363327e-17
25500.0,1.3153694e-17
25600.0,1.29495605e-17
25700.0,1.2748276e-17
25800.0,1.2550434e-17
25900.0,1.2357773e-17
26000.0,1.2165991e-17
26100.0,1.1981052e-17
26200.0,1.1797132e-17
26300.0,1.1618018e-17
26400.0,1.1443291e-17
26500.0,1.1269549e-17
26600.0,1.110034e-17
26700.0,1.0933467e-17
26800.0,1.0771145e-17
26900.0,1.06109645e-17
27000.0,1.04534305e-17
27100.0,1.0299734e-17
27200.0,1.0148235e-17
27300.0,9.999026e-18
27400.0,9.853633e-18
27500.0,9.710415e-18
27600.0,9.569277e-18
27700.0,9.430131e-18
27800.0,9.294656e-18
27900.0,9.161068e-18
28000.0,9.030999e-18
28100.0,8.902721e-18
28200.0,8.776319e-18
28300.0,8.651659e-18
28400.0,8.528823e-18
28500.0,8.409114e-18
28600.0,8.292553e-18
28700.0,8.1762105e-18
28800.0,8.062828e-18
28900.0,7.951066e-18
29000.0,7.840805e-18
29100.0,7.733442e-18
29200.0,7.627501e-18
29300.0,7.523058e-18
29400.0,7.4199995e-18
29500.0,7.319648e-18
29600.0,7.220653e-18
29700.0,7.124171e-18
29800.0,7.027819e-18
29900.0,6.933913e-18
30000.0,6.841304e-18
30100.0,6.7498885e-18
30200.0,6.6608744e-18
30300.0,6.5729935e-18
30400.0,6.486312e-18
30500.0,6.4007335e-18
30600.0,6.317402e-18
30700.0,6.2351563e-18
30800.0,6.1539425e-18
30900.0,6.0738243e-18
31000.0,5.995735e-18
31100.0,5.9186874e-18
31200.0,5.8425934e-18
31300.0,5.7675135e-18
31400.0,5.6943353e-18
31500.0,5.6221204e-18
31600.0,5.5507864e-18
31700.0,5.480392e-18
31800.0,5.4118147e-18
31900.0,5.3431496e-18
32000.0,5.2762894e-18
32100.0,5.211123e-18
32200.0,5.145915e-18
32300.0,5.082359e-18
32400.0,5.019619e-18
32500.0,4.9576226e-18
32600.0,4.8964224e-18
32700.0,4.8368042e-18
32800.0,4.7778817e-18
32900.0,4.7197065e-18
33000.0,4.66221e-18
33100.0,4.60623e-18
33200.0,4.5501162e-18
33300.0,4.4954814e-18
33400.0,4.441475e-18
33500.0,4.388895e-18
33600.0,4.336169e-18
33700.0,4.2848353e-18
33800.0,4.234109e-18
33900.0,4.1839573e-18
34000.0,4.1344253e-18
34100.0,4.086152e-18
34200.0,4.038467e-18
34300.0,3.991314e-18
34400.0,3.9447362e-18
34500.0,3.8986776e-18
34600.0,3.853839e-18
34700.0,3.809516e-18
34800.0,3.7656794e-18
34900.0,3.72237e-18
35000.0,3.679536e-18
35100.0,3.637679e-18
35200.0,3.596299e-18
35300.0,3.5553885e-18
35400.0,3.514944e-18
35500.0,3.4749597e-18
35600.0,3.4360169e-18
35700.0,3.3969305e-18
35800.0,3.358862e-18
35900.0,3.3212201e-18
36000.0,3.2840003e-18
36100.0,3.2477518e-18
36200.0,3.2113554e-18
36300.0,3.1759089e-18
36400.0,3.1408536e-18
36500.0,3.1061852e-18
36600.0,3.072424e-18
36700.0,3.038511e-18
36800.0,3.0054859e-18
36900.0,2.972819e-18
37000.0,2.9405076e-18
37100.0,2.9085474e-18
37200.0,2.8769346e-18
37300.0,2.8461513e-18
37400.0,2.8156974e-18
37500.0,2.7850933e-18
37600.0,2.7557634e-18
37700.0,2.7262767e-18
37800.0,2.6971053e-18
37900.0,2.6687018e-18
38000.0,2.6401465e-18
38100.0,2.6123427e-18
38200.0,2.5848319e-18
38300.0,2.5580476e-18
38400.0,2.5311086e-18
38500.0,2.5044533e-18
38600.0,2.4785017e-18
38700.0,2.4528192e-18
38800.0,2.4274025e-18
38900.0,2.4022495e-18
39000.0,2.377357e-18
39100.0,2.3531245e-18
39200.0,2.3291386e-18
39300.0,2.305004e-18
39400.0,2.2815087e-18
39500.0,2.258253e-18
39600.0,2.2356159e-18
39700.0,2.212828e-18
39800.0,2.1902725e-18
39900.0,2.1683169e-18
40000.0,2.1465815e-18
